-- phpMyAdmin SQL Dump
-- version 4.5.1
-- http://www.phpmyadmin.net
--
-- Servidor: 127.0.0.1
-- Tiempo de generación: 01-11-2016 a las 22:56:06
-- Versión del servidor: 10.1.16-MariaDB
-- Versión de PHP: 7.0.9

SET SQL_MODE = "NO_AUTO_VALUE_ON_ZERO";
SET time_zone = "+00:00";


/*!40101 SET @OLD_CHARACTER_SET_CLIENT=@@CHARACTER_SET_CLIENT */;
/*!40101 SET @OLD_CHARACTER_SET_RESULTS=@@CHARACTER_SET_RESULTS */;
/*!40101 SET @OLD_COLLATION_CONNECTION=@@COLLATION_CONNECTION */;
/*!40101 SET NAMES utf8mb4 */;

--
-- Base de datos: `inlife_db`
--

-- --------------------------------------------------------

--
-- Estructura de tabla para la tabla `actividades`
--

CREATE TABLE `actividades` (
  `id_actividad` int(11) NOT NULL,
  `id_tipo_actividad` int(11) NOT NULL,
  `nombre_actividad_es` text NOT NULL,
  `nombre_actividad_en` text,
  `actividad_es` text NOT NULL,
  `actividad_en` text
) ENGINE=MyISAM DEFAULT CHARSET=latin1;

-- --------------------------------------------------------

--
-- Estructura de tabla para la tabla `actividades_recursos_actividades`
--

CREATE TABLE `actividades_recursos_actividades` (
  `id_actividad_recurso_actividad` int(11) NOT NULL,
  `id_actividad` int(11) NOT NULL,
  `id_recurso_actividad` int(11) NOT NULL
) ENGINE=MyISAM DEFAULT CHARSET=latin1;

-- --------------------------------------------------------

--
-- Estructura de tabla para la tabla `actividad_reto`
--

CREATE TABLE `actividad_reto` (
  `id_actividad_reto` int(11) NOT NULL,
  `id_reto` int(11) NOT NULL,
  `tipo_recurso_reflexion` int(11) NOT NULL,
  `tipo_pregunta_actividad` int(11) NOT NULL,
  `nombre` text NOT NULL,
  `reflexion_desc` text NOT NULL,
  `reflexion` text NOT NULL,
  `actividad` text NOT NULL,
  `pregunta_actividad` text NOT NULL,
  `pregunta_examen` text NOT NULL
) ENGINE=MyISAM DEFAULT CHARSET=latin1;

--
-- Volcado de datos para la tabla `actividad_reto`
--

INSERT INTO `actividad_reto` (`id_actividad_reto`, `id_reto`, `tipo_recurso_reflexion`, `tipo_pregunta_actividad`, `nombre`, `reflexion_desc`, `reflexion`, `actividad`, `pregunta_actividad`, `pregunta_examen`) VALUES
(1, 1, 1, 2, 'Reto # 1', 'Lorem ipsum dolor sit amet, consectetur', 'Lorem ipsum dolor sit amet, video/video_1/video_1.mp4', 'dipiscing elit', 'asdfasdf//asdfasdfasdfasdfsadf//asdfasdfasdfasdfasdfa//asdfasdfasdfasdf', 'asdjkflah skdjlfhaskjdfh als ?'),
(2, 1, 1, 2, 'Reto # 2', 'Lorem ipsum dolor sit amet, conse', 'Lorem ipsum dolor sit amet, video/video_1/video_1.mp4', 'dipiscing elit', 'dfsadf//asdfasdfasdfasdfasdfa//asdfasdfasdfasdf', 'skdjlfhaskjdfh ?'),
(3, 1, 1, 2, 'Reto # 3', 'Lorem ipsum dolor sit amet, conse', 'Lorem ipsum dolor sit amet, video/video_1/video_1.mp4', 'dipiscing elit', 'dfsadf//asdfasdfasdfasdfasdfa//asdfasdfasdfasdf', 'asdflk ñlkjas dfñoip asdf klñj oiqe asd f ñl ?'),
(4, 1, 1, 2, 'Tendencias', 'Lorem ipsum dolor sit amet, conse', 'Lorem ipsum dolor sit amet, video/video_1/video_1.mp4', 'dipiscing elit', 'dfsadf//asdfasdfasdfasdfasdfa//asdfasdfasdfasdf', 'asdflk ñlkjas dfñoip asdf klñj oiqe asd f ñl ?');

-- --------------------------------------------------------

--
-- Estructura de tabla para la tabla `angeles`
--

CREATE TABLE `angeles` (
  `id_angel` int(11) NOT NULL,
  `nombre_angel` text NOT NULL,
  `angel_es` text NOT NULL,
  `angel_en` text NOT NULL
) ENGINE=MyISAM DEFAULT CHARSET=latin1;

--
-- Volcado de datos para la tabla `angeles`
--

INSERT INTO `angeles` (`id_angel`, `nombre_angel`, `angel_es`, `angel_en`) VALUES
(1, 'Vehuiah', ' ', ' \r'),
(2, 'Jeliel', ' ', ' \r'),
(3, 'Sitael', ' ', ' \r'),
(4, 'Elemiah', ' ', ' \r'),
(5, 'Mahasiah', ' ', ' \r'),
(6, 'Lelahel', ' ', ' \r'),
(7, 'Achaiah', ' ', ' \r'),
(8, 'Cahetel', ' ', ' \r'),
(9, 'Haziel', ' ', ' \r'),
(10, 'Aladiah', ' ', ' \r'),
(11, 'Lauviah', ' ', ' \r'),
(12, 'Hahaiah', ' ', ' \r'),
(13, 'Iezalel', ' ', ' \r'),
(14, 'Mebahel', ' ', ' \r'),
(15, 'Hariel', ' ', ' \r'),
(16, 'Hakamiah', ' ', ' \r'),
(17, 'Laviah', ' ', ' \r'),
(18, 'Caliel', ' ', ' \r'),
(19, 'Leuviah', ' ', ' \r'),
(20, 'Pahaliah', ' ', ' \r'),
(21, 'Nelchael', ' ', ' \r'),
(22, 'Yeiayel', ' ', ' \r'),
(23, 'Melahel', ' ', ' \r'),
(24, 'Haheuiah', ' ', ' \r'),
(25, 'Nith-Haiah', ' ', ' \r'),
(26, 'Haaiah', ' ', ' \r'),
(27, 'Yerathel', ' ', ' \r'),
(28, 'Seheiah', ' ', ' \r'),
(29, 'Reiyel', ' ', ' \r'),
(30, 'Omael', ' ', ' \r'),
(31, 'Lecabel', ' ', ' \r'),
(32, 'Vasariah', ' ', ' \r'),
(33, 'Yehuiah', ' ', ' \r'),
(34, 'Lehahiah', ' ', ' \r'),
(35, 'Chavakiah', ' ', ' \r'),
(36, 'Menadel', ' ', ' \r'),
(37, 'Aniel', ' ', ' \r'),
(38, 'Haamiah', ' ', ' \r'),
(39, 'Rehael', ' ', ' \r'),
(40, 'Ieiazel', ' ', ' \r'),
(41, 'Hahahel', ' ', ' \r'),
(42, 'Mikael', ' ', ' \r'),
(43, 'Veuliah', ' ', ' \r'),
(44, 'Yelahiah', ' ', ' \r'),
(45, 'Sealiah', ' ', ' \r'),
(46, 'Ariel ', ' ', ' \r'),
(47, 'Asaliah', ' ', ' \r'),
(48, 'Mihael', ' ', ' \r'),
(49, 'Vehuel', ' ', ' \r'),
(50, 'Daniel', ' ', ' \r'),
(51, 'Hahasiah', ' ', ' \r'),
(52, 'Imamiah', ' ', ' \r'),
(53, 'Nanael', ' ', ' \r'),
(54, 'Nithael', ' ', ' \r'),
(55, 'Mebahiah', ' ', ' \r'),
(56, 'Poyel', ' ', ' \r'),
(57, 'Nemamiah', ' ', ' \r'),
(58, 'Yeialel', ' ', ' \r'),
(59, 'Harahel', ' ', ' \r'),
(60, 'Mitzrael', ' ', ' \r'),
(61, 'Umabel', ' ', ' \r'),
(62, 'Iah-Hel', ' ', ' \r'),
(63, 'Anauel', ' ', ' \r'),
(64, 'Mehiel', ' ', ' \r'),
(65, 'Damabiah', ' ', ' \r'),
(66, 'Manakel', ' ', ' \r'),
(67, 'Eyael', ' ', ' \r'),
(68, 'Habuhiah', ' ', ' \r'),
(69, 'Rochel', ' ', ' \r'),
(70, 'Jabamiah', ' ', ' \r'),
(71, 'Haiyael', ' ', ' \r'),
(72, 'Mumiah', ' ', ' ');

-- --------------------------------------------------------

--
-- Estructura de tabla para la tabla `aplicaciones`
--

CREATE TABLE `aplicaciones` (
  `id_aplicaciones` int(11) NOT NULL,
  `id_persona` int(11) NOT NULL,
  `mapa_del_ser` int(11) NOT NULL
) ENGINE=MyISAM DEFAULT CHARSET=latin1;

--
-- Volcado de datos para la tabla `aplicaciones`
--

INSERT INTO `aplicaciones` (`id_aplicaciones`, `id_persona`, `mapa_del_ser`) VALUES
(1, 1, 1),
(2, 2, 1),
(3, 3, 1),
(4, 4, 1),
(5, 5, 1),
(6, 6, 1),
(7, 7, 1),
(8, 8, 1),
(9, 9, 1),
(10, 10, 1),
(11, 11, 1),
(12, 12, 1),
(13, 13, 1),
(14, 14, 1),
(15, 15, 1),
(16, 16, 1),
(17, 17, 1),
(18, 18, 1),
(19, 19, 0),
(20, 20, 0);

-- --------------------------------------------------------

--
-- Estructura de tabla para la tabla `areas_expansion`
--

CREATE TABLE `areas_expansion` (
  `id_area_exp` int(11) NOT NULL,
  `area_exp_es` text NOT NULL,
  `area_exp_en` text NOT NULL,
  `intro_area_exp_es` text NOT NULL,
  `intro_area_exp_en` text NOT NULL
) ENGINE=MyISAM DEFAULT CHARSET=latin1;

-- --------------------------------------------------------

--
-- Estructura de tabla para la tabla `armc_personas`
--

CREATE TABLE `armc_personas` (
  `idarmcxpersonas` int(11) NOT NULL,
  `idusuario` int(11) NOT NULL,
  `longitud` text NOT NULL,
  `zodiac_sign_position` text NOT NULL,
  `zodiac_sign_planet` text NOT NULL
) ENGINE=MyISAM DEFAULT CHARSET=latin1;

--
-- Volcado de datos para la tabla `armc_personas`
--

INSERT INTO `armc_personas` (`idarmcxpersonas`, `idusuario`, `longitud`, `zodiac_sign_position`, `zodiac_sign_planet`) VALUES
(1, 1, '217.1492587', '7.1492587222222', 'sc'),
(2, 2, '157.1790914', '7.1790913611111', 'vi'),
(3, 3, '36.0209533', '6.0209533333333', 'ta'),
(4, 4, '318.0745126', '18.074512638889', 'aq'),
(5, 5, '290.5774395', '20.577439527778', 'cp'),
(6, 6, '305.1723187', '5.1723187222222', 'aq'),
(7, 7, '7.4022115', '7.4022115', 'ar'),
(8, 8, '117.3720352', '27.372035166667', 'cn'),
(9, 9, '299.3673035', '29.367303472222', 'cp'),
(10, 10, '347.2350290', '17.235028972222', 'pi'),
(11, 11, '357.3849158', '27.384915833333', 'pi'),
(12, 12, '323.5827972', '23.582797222222', 'aq'),
(13, 13, '117.3926294', '27.392629388889', 'cn'),
(14, 14, '214.7437150', '4.7437150277778', 'sc'),
(15, 15, '337.4876180', '7.4876180277778', 'pi'),
(16, 16, '216.0921400', '6.0921400555556', 'sc'),
(17, 17, '305.2710199', '5.2710199166667', 'aq'),
(18, 18, '244.6959060', '4.6959060277778', 'sa');

-- --------------------------------------------------------

--
-- Estructura de tabla para la tabla `ascendentes`
--

CREATE TABLE `ascendentes` (
  `id_ascendente` int(11) NOT NULL,
  `ascendente_es` text NOT NULL,
  `ascendente_en` text NOT NULL
) ENGINE=MyISAM DEFAULT CHARSET=latin1;

--
-- Volcado de datos para la tabla `ascendentes`
--

INSERT INTO `ascendentes` (`id_ascendente`, `ascendente_es`, `ascendente_en`) VALUES
(4, 'Cáncer', 'Cancer\r'),
(3, 'Geminis', 'Gemini\r'),
(2, 'Tauro', 'Taurus\r'),
(1, 'Aries', 'Aries\r'),
(5, 'Leo', 'Leo\r'),
(6, 'Virgo', 'Virgo\r'),
(7, 'Libra', 'Libra\r'),
(8, 'Escorpión', 'Scorpio\r'),
(9, 'Sagitario', 'Sagittarius \r'),
(10, 'Capricornio', 'Capricorn\r'),
(11, 'Acuario', 'Aquarius\r'),
(12, 'Piscis', 'Pisces');

-- --------------------------------------------------------

--
-- Estructura de tabla para la tabla `ascendente_personas`
--

CREATE TABLE `ascendente_personas` (
  `idascendentexpersonas` int(11) NOT NULL,
  `idusuario` int(11) NOT NULL,
  `longitud` text NOT NULL,
  `zodiac_sign_position` text NOT NULL,
  `zodiac_sign_planet` text NOT NULL
) ENGINE=MyISAM DEFAULT CHARSET=latin1;

--
-- Volcado de datos para la tabla `ascendente_personas`
--

INSERT INTO `ascendente_personas` (`idascendentexpersonas`, `idusuario`, `longitud`, `zodiac_sign_position`, `zodiac_sign_planet`) VALUES
(1, 1, '303.6245320', '3.6245319722222', 'aq'),
(2, 2, '247.6038376', '7.6038375833333', 'sa'),
(3, 3, '125.1964406', '5.1964406388889', 'le'),
(4, 4, '51.6313821', '21.631382138889', 'ta'),
(5, 5, '22.8292101', '22.829210083333', 'ar'),
(6, 6, '38.3196305', '8.3196305277778', 'ta'),
(7, 7, '98.1600244', '8.1600243611111', 'cn'),
(8, 8, '208.7301550', '28.730155027778', 'li'),
(9, 9, '32.3061996', '2.3061995555556', 'ta'),
(10, 10, '79.6475598', '19.647559777778', 'ge'),
(11, 11, '88.9754680', '28.975468027778', 'ge'),
(12, 12, '57.0962943', '27.096294333333', 'ta'),
(13, 13, '208.7515211', '28.751521083333', 'li'),
(14, 14, '300.8132241', '0.81322405555556', 'aq'),
(15, 15, '70.5219730', '10.521973027778', 'ge'),
(16, 16, '302.5840257', '2.5840257222222', 'aq'),
(17, 17, '38.5349213', '8.53492125', 'ta'),
(18, 18, '332.0467254', '2.0467254166667', 'pi');

-- --------------------------------------------------------

--
-- Estructura de tabla para la tabla `aspectos`
--

CREATE TABLE `aspectos` (
  `id_aspecto` int(11) NOT NULL,
  `aspecto_es` text NOT NULL,
  `aspecto_en` text NOT NULL
) ENGINE=MyISAM DEFAULT CHARSET=latin1;

--
-- Volcado de datos para la tabla `aspectos`
--

INSERT INTO `aspectos` (`id_aspecto`, `aspecto_es`, `aspecto_en`) VALUES
(1, 'Conjunción', '\r'),
(2, 'Sextil', '\r'),
(3, 'Cuadratura', '\r'),
(4, 'Trígono', '\r'),
(5, 'Oposición', '');

-- --------------------------------------------------------

--
-- Estructura de tabla para la tabla `aspectosxusuarioxephemeride`
--

CREATE TABLE `aspectosxusuarioxephemeride` (
  `idaspectosxusuarioxephemeride` int(11) NOT NULL,
  `idusuario` int(11) NOT NULL,
  `idaspecto` int(11) NOT NULL,
  `idplaneta` int(11) NOT NULL,
  `idplanetacompare` int(11) NOT NULL,
  `isascendant` int(11) NOT NULL
) ENGINE=MyISAM DEFAULT CHARSET=latin1;

--
-- Volcado de datos para la tabla `aspectosxusuarioxephemeride`
--

INSERT INTO `aspectosxusuarioxephemeride` (`idaspectosxusuarioxephemeride`, `idusuario`, `idaspecto`, `idplaneta`, `idplanetacompare`, `isascendant`) VALUES
(1, 1, 4, 1, 2, 0),
(2, 1, 3, 1, 9, 0),
(3, 1, 5, 1, 12, 0),
(4, 1, 1, 2, 6, 0),
(5, 1, 4, 2, 11, 0),
(6, 1, 3, 3, 8, 0),
(7, 1, 2, 3, 9, 0),
(8, 1, 4, 3, 10, 0),
(9, 1, 3, 4, 6, 0),
(10, 1, 1, 5, 7, 0),
(11, 1, 2, 7, 9, 0),
(12, 1, 1, 7, 10, 0),
(13, 1, 3, 7, 11, 0),
(14, 1, 2, 9, 10, 0),
(15, 1, 3, 9, 12, 0),
(16, 1, 3, 10, 11, 0),
(17, 1, 2, 11, 12, 0),
(18, 2, 3, 1, 2, 0),
(19, 2, 1, 1, 4, 0),
(20, 2, 3, 2, 4, 0),
(21, 2, 2, 2, 5, 0),
(22, 2, 3, 2, 7, 0),
(23, 2, 4, 2, 11, 0),
(24, 2, 5, 3, 6, 0),
(25, 2, 1, 3, 8, 0),
(26, 2, 2, 5, 11, 0),
(27, 2, 5, 6, 8, 0),
(28, 2, 2, 6, 12, 0),
(29, 2, 1, 7, 9, 0),
(30, 2, 1, 8, 9, 0),
(31, 2, 4, 8, 12, 0),
(32, 2, 2, 9, 10, 0),
(33, 2, 3, 10, 11, 0),
(34, 3, 2, 1, 5, 0),
(35, 3, 4, 2, 5, 0),
(36, 3, 3, 2, 8, 0),
(37, 3, 2, 2, 9, 0),
(38, 3, 4, 2, 10, 0),
(39, 3, 5, 2, 11, 0),
(40, 3, 2, 2, 12, 0),
(41, 3, 3, 3, 5, 0),
(42, 3, 2, 3, 7, 0),
(43, 3, 4, 3, 8, 0),
(44, 3, 3, 3, 10, 0),
(45, 3, 3, 4, 7, 0),
(46, 3, 5, 4, 9, 0),
(47, 3, 4, 4, 10, 0),
(48, 3, 2, 4, 11, 0),
(49, 3, 2, 7, 8, 0),
(50, 3, 3, 7, 9, 0),
(51, 3, 3, 8, 11, 0),
(52, 3, 2, 9, 10, 0),
(53, 3, 4, 9, 11, 0),
(54, 3, 2, 10, 11, 0),
(55, 4, 4, 1, 11, 0),
(56, 4, 5, 2, 5, 0),
(57, 4, 3, 2, 8, 0),
(58, 4, 2, 2, 9, 0),
(59, 4, 4, 2, 10, 0),
(60, 4, 3, 3, 5, 0),
(61, 4, 5, 3, 8, 0),
(62, 4, 1, 4, 6, 0),
(63, 4, 4, 4, 8, 0),
(64, 4, 3, 4, 11, 0),
(65, 4, 1, 5, 7, 0),
(66, 4, 3, 5, 8, 0),
(67, 4, 2, 5, 10, 0),
(68, 4, 4, 6, 8, 0),
(69, 4, 3, 6, 10, 0),
(70, 4, 3, 6, 11, 0),
(71, 4, 4, 7, 9, 0),
(72, 4, 2, 9, 10, 0),
(73, 5, 4, 1, 2, 0),
(74, 5, 1, 1, 4, 0),
(75, 5, 4, 2, 4, 0),
(76, 5, 3, 2, 6, 0),
(77, 5, 3, 2, 8, 0),
(78, 5, 3, 2, 12, 0),
(79, 5, 5, 3, 6, 0),
(80, 5, 1, 3, 7, 0),
(81, 5, 1, 3, 8, 0),
(82, 5, 1, 3, 9, 0),
(83, 5, 2, 3, 10, 0),
(84, 5, 2, 5, 11, 0),
(85, 5, 5, 6, 8, 0),
(86, 5, 5, 6, 12, 0),
(87, 5, 1, 7, 9, 0),
(88, 5, 2, 7, 10, 0),
(89, 5, 1, 8, 9, 0),
(90, 5, 2, 9, 10, 0),
(91, 5, 3, 10, 11, 0),
(92, 6, 1, 1, 3, 0),
(93, 6, 1, 1, 5, 0),
(94, 6, 1, 1, 12, 0),
(95, 6, 5, 2, 6, 0),
(96, 6, 4, 4, 7, 0),
(97, 6, 1, 5, 12, 0),
(98, 6, 2, 6, 8, 0),
(99, 6, 2, 7, 9, 0),
(100, 6, 1, 7, 10, 0),
(101, 6, 4, 7, 11, 0),
(102, 6, 2, 9, 10, 0),
(103, 6, 5, 9, 11, 0),
(104, 6, 4, 10, 11, 0),
(105, 7, 1, 1, 12, 0),
(106, 7, 5, 2, 6, 0),
(107, 7, 1, 2, 7, 0),
(108, 7, 2, 3, 5, 0),
(109, 7, 3, 3, 6, 0),
(110, 7, 5, 4, 10, 0),
(111, 7, 5, 6, 7, 0),
(112, 7, 1, 8, 9, 0),
(113, 7, 2, 8, 10, 0),
(114, 7, 2, 9, 10, 0),
(115, 7, 1, 9, 11, 0),
(116, 7, 2, 10, 11, 0),
(117, 8, 2, 1, 6, 0),
(118, 8, 5, 1, 8, 0),
(119, 8, 5, 1, 9, 0),
(120, 8, 4, 1, 10, 0),
(121, 8, 3, 1, 11, 0),
(122, 8, 3, 1, 12, 0),
(123, 8, 2, 2, 11, 0),
(124, 8, 4, 2, 12, 0),
(125, 8, 1, 3, 5, 0),
(126, 8, 5, 4, 7, 0),
(127, 8, 3, 5, 6, 0),
(128, 8, 3, 8, 12, 0),
(129, 8, 2, 9, 10, 0),
(130, 8, 3, 9, 12, 0),
(131, 8, 5, 11, 12, 0),
(132, 9, 5, 1, 5, 0),
(133, 9, 2, 1, 12, 0),
(134, 9, 4, 2, 7, 0),
(135, 9, 3, 2, 10, 0),
(136, 9, 3, 2, 11, 0),
(137, 9, 4, 3, 7, 0),
(138, 9, 3, 3, 10, 0),
(139, 9, 4, 4, 8, 0),
(140, 9, 4, 4, 11, 0),
(141, 9, 2, 5, 6, 0),
(142, 9, 3, 6, 8, 0),
(143, 9, 2, 9, 10, 0),
(144, 10, 2, 1, 3, 0),
(145, 10, 3, 1, 11, 0),
(146, 10, 4, 2, 4, 0),
(147, 10, 3, 2, 6, 0),
(148, 10, 2, 2, 7, 0),
(149, 10, 3, 2, 8, 0),
(150, 10, 4, 2, 9, 0),
(151, 10, 2, 2, 11, 0),
(152, 10, 5, 4, 7, 0),
(153, 10, 5, 5, 10, 0),
(154, 10, 1, 6, 8, 0),
(155, 10, 2, 7, 9, 0),
(156, 10, 1, 7, 10, 0),
(157, 10, 4, 7, 11, 0),
(158, 10, 2, 9, 10, 0),
(159, 10, 5, 9, 11, 0),
(160, 10, 4, 10, 11, 0),
(161, 11, 1, 1, 3, 0),
(162, 11, 3, 1, 6, 0),
(163, 11, 3, 2, 10, 0),
(164, 11, 1, 2, 11, 0),
(165, 11, 3, 3, 6, 0),
(166, 11, 1, 4, 11, 0),
(167, 11, 1, 5, 11, 0),
(168, 11, 2, 7, 10, 0),
(169, 11, 2, 9, 10, 0),
(170, 11, 3, 10, 11, 0),
(171, 11, 5, 10, 12, 0),
(172, 12, 1, 1, 6, 0),
(173, 12, 2, 1, 9, 0),
(174, 12, 2, 1, 10, 0),
(175, 12, 4, 2, 7, 0),
(176, 12, 4, 2, 10, 0),
(177, 12, 2, 3, 4, 0),
(178, 12, 3, 3, 5, 0),
(179, 12, 2, 3, 7, 0),
(180, 12, 1, 4, 7, 0),
(181, 12, 2, 5, 6, 0),
(182, 12, 4, 5, 11, 0),
(183, 12, 5, 8, 11, 0),
(184, 12, 1, 8, 12, 0),
(185, 13, 5, 2, 3, 0),
(186, 13, 3, 2, 8, 0),
(187, 13, 5, 2, 9, 0),
(188, 13, 4, 2, 10, 0),
(189, 13, 2, 3, 6, 0),
(190, 13, 3, 3, 8, 0),
(191, 13, 1, 3, 9, 0),
(192, 13, 2, 3, 10, 0),
(193, 13, 2, 4, 6, 0),
(194, 13, 2, 4, 11, 0),
(195, 13, 4, 5, 12, 0),
(196, 13, 3, 6, 7, 0),
(197, 13, 2, 6, 9, 0),
(198, 13, 1, 6, 10, 0),
(199, 13, 4, 6, 11, 0),
(200, 13, 3, 6, 12, 0),
(201, 13, 3, 8, 9, 0),
(202, 13, 2, 9, 10, 0),
(203, 13, 2, 9, 11, 0),
(204, 13, 4, 10, 11, 0),
(205, 13, 3, 10, 12, 0),
(206, 14, 3, 1, 10, 0),
(207, 14, 2, 1, 12, 0),
(208, 14, 3, 2, 4, 0),
(209, 14, 3, 2, 11, 0),
(210, 14, 1, 3, 5, 0),
(211, 14, 3, 3, 6, 0),
(212, 14, 3, 3, 7, 0),
(213, 14, 5, 3, 9, 0),
(214, 14, 4, 3, 10, 0),
(215, 14, 5, 5, 9, 0),
(216, 14, 4, 5, 10, 0),
(217, 14, 1, 6, 7, 0),
(218, 14, 2, 6, 8, 0),
(219, 14, 2, 6, 11, 0),
(220, 14, 2, 7, 11, 0),
(221, 14, 4, 8, 11, 0),
(222, 14, 5, 8, 12, 0),
(223, 15, 3, 1, 2, 0),
(224, 15, 1, 1, 4, 0),
(225, 15, 2, 1, 5, 0),
(226, 15, 3, 2, 4, 0),
(227, 15, 3, 2, 7, 0),
(228, 15, 1, 2, 9, 0),
(229, 15, 2, 2, 10, 0),
(230, 15, 3, 2, 12, 0),
(231, 15, 3, 3, 8, 0),
(232, 15, 4, 3, 9, 0),
(233, 15, 2, 4, 5, 0),
(234, 15, 1, 4, 7, 0),
(235, 15, 2, 4, 11, 0),
(236, 15, 2, 5, 7, 0),
(237, 15, 4, 5, 8, 0),
(238, 15, 3, 5, 10, 0),
(239, 15, 2, 5, 12, 0),
(240, 15, 3, 6, 8, 0),
(241, 15, 4, 6, 9, 0),
(242, 15, 3, 7, 9, 0),
(243, 15, 2, 9, 10, 0),
(244, 15, 3, 9, 12, 0),
(245, 16, 3, 1, 2, 0),
(246, 16, 3, 2, 7, 0),
(247, 16, 4, 2, 9, 0),
(248, 16, 2, 2, 10, 0),
(249, 16, 4, 2, 12, 0),
(250, 16, 5, 3, 7, 0),
(251, 16, 1, 3, 11, 0),
(252, 16, 2, 4, 5, 0),
(253, 16, 1, 4, 12, 0),
(254, 16, 5, 5, 8, 0),
(255, 16, 2, 5, 12, 0),
(256, 16, 5, 7, 11, 0),
(257, 16, 5, 10, 12, 0),
(258, 17, 2, 1, 7, 0),
(259, 17, 3, 1, 10, 0),
(260, 17, 5, 2, 10, 0),
(261, 17, 3, 2, 12, 0),
(262, 17, 2, 3, 4, 0),
(263, 17, 2, 3, 8, 0),
(264, 17, 2, 3, 9, 0),
(265, 17, 3, 4, 6, 0),
(266, 17, 1, 4, 8, 0),
(267, 17, 1, 4, 9, 0),
(268, 17, 3, 6, 8, 0),
(269, 18, 4, 1, 7, 0),
(270, 18, 4, 1, 10, 0),
(271, 18, 3, 1, 12, 0),
(272, 18, 3, 2, 5, 0),
(273, 18, 2, 2, 6, 0),
(274, 18, 4, 3, 5, 0),
(275, 18, 5, 3, 8, 0),
(276, 18, 2, 4, 11, 0),
(277, 18, 2, 5, 8, 0),
(278, 18, 2, 6, 9, 0),
(279, 18, 1, 6, 10, 0),
(280, 18, 2, 9, 10, 0),
(281, 18, 3, 9, 12, 0),
(282, 18, 2, 11, 12, 0);

-- --------------------------------------------------------

--
-- Estructura de tabla para la tabla `bitacoras`
--

CREATE TABLE `bitacoras` (
  `id_bitacora` int(11) NOT NULL,
  `id_persona` int(11) NOT NULL,
  `id_sendero_area` int(11) NOT NULL,
  `id_etapa_area_actividad` int(11) NOT NULL,
  `id_pregunta` int(11) NOT NULL,
  `id_respuesta` int(11) NOT NULL,
  `respuesta_abierta` text NOT NULL
) ENGINE=MyISAM DEFAULT CHARSET=latin1;

-- --------------------------------------------------------

--
-- Estructura de tabla para la tabla `casas_personas`
--

CREATE TABLE `casas_personas` (
  `idcasasxpersonas` int(11) NOT NULL,
  `idusuario` int(11) NOT NULL,
  `idcasa` int(11) NOT NULL,
  `name` text NOT NULL,
  `topocentric_cut` text NOT NULL,
  `zodiac_sign_position` text NOT NULL,
  `zodiac_sign` text NOT NULL,
  `oblique_ascension` text NOT NULL
) ENGINE=MyISAM DEFAULT CHARSET=latin1;

--
-- Volcado de datos para la tabla `casas_personas`
--

INSERT INTO `casas_personas` (`idcasasxpersonas`, `idusuario`, `idcasa`, `name`, `topocentric_cut`, `zodiac_sign_position`, `zodiac_sign`, `oblique_ascension`) VALUES
(1, 1, 1, 'house  1', '303.6245320', '3.6245319722222', 'aq', '305.9359512'),
(2, 1, 2, 'house  2', '334.9125172', '4.9125172222222', 'pi', '336.7550125'),
(3, 1, 3, 'house  3', '7.8529342', '7.8529341666667', 'ar', '7.2119621'),
(4, 1, 4, 'house  4', '39.5498617', '', 'ta', '37.1492587'),
(5, 1, 5, 'house  5', '68.4308821', '8.4308820555556', 'ge', '66.6905523'),
(6, 1, 6, 'house  6', '95.6514161', '5.6514161111111', 'cn', '96.1560344'),
(7, 1, 7, 'house  7', '123.6245320', '3.6245319722222', 'le', '125.9359512'),
(8, 1, 8, 'house  8', '154.9125172', '4.9125172222222', 'vi', '156.7550125'),
(9, 1, 9, 'house  9', '187.8529342', '7.8529341666667', 'li', '187.2119621'),
(10, 1, 10, 'house  10', '219.5498617', '', 'sc', '217.1492587'),
(11, 1, 11, 'house  11', '248.4308821', '8.4308820555556', 'sa', '246.6905523'),
(12, 1, 12, 'house  12', '275.6514161', '5.6514161111111', 'cp', '276.1560344'),
(13, 2, 1, 'house  1', '247.6038376', '7.6038375833333', 'sa', '245.8120146'),
(14, 2, 2, 'house  2', '275.6787623', '5.6787623055556', 'cp', '276.1858536'),
(15, 2, 3, 'house  3', '304.4432710', '4.4432709722222', 'aq', '306.7790114'),
(16, 2, 4, 'house  4', '335.3615730', '5.3615730555556', 'pi', '337.1790914'),
(17, 2, 5, 'house  5', '7.7500372', '7.7500371666667', 'ar', '7.1172033'),
(18, 2, 6, 'house  6', '38.9727849', '8.9727848888889', 'ta', '36.5836778'),
(19, 2, 7, 'house  7', '67.6038376', '7.6038375833333', 'ge', '65.8120146'),
(20, 2, 8, 'house  8', '95.6787623', '5.6787623055556', 'cn', '96.1858536'),
(21, 2, 9, 'house  9', '124.4432710', '4.4432709722222', 'le', '126.7790114'),
(22, 2, 10, 'house  10', '155.3615730', '5.3615730555556', 'vi', '157.1790914'),
(23, 2, 11, 'house  11', '187.7500372', '7.7500371666667', 'li', '187.1172033'),
(24, 2, 12, 'house  12', '218.9727849', '8.9727848888889', 'sc', '216.5836778'),
(25, 3, 1, 'house  1', '125.1964406', '5.1964406388889', 'le', '127.5519716'),
(26, 3, 2, 'house  2', '154.6782778', '4.6782778611111', 'vi', '156.5335705'),
(27, 3, 3, 'house  3', '186.4853500', '6.4853499722222', 'li', '185.9541864'),
(28, 3, 4, 'house  4', '218.3968054', '8.3968053611111', 'sc', '216.0209533'),
(29, 3, 5, 'house  5', '248.3565390', '8.356539', 'sa', '246.6117201'),
(30, 3, 6, 'house  6', '276.7013989', '6.7013989166667', 'cp', '277.2979118'),
(31, 3, 7, 'house  7', '305.1964406', '5.1964406388889', 'aq', '307.5519716'),
(32, 3, 8, 'house  8', '334.6782778', '4.6782778611111', 'pi', '336.5335705'),
(33, 3, 9, 'house  9', '6.4853500', '6.4853499722222', 'ar', '5.9541864'),
(34, 3, 10, 'house  10', '38.3968054', '8.3968053611111', 'ta', '36.0209533'),
(35, 3, 11, 'house  11', '68.3565390', '8.356539', 'ge', '66.6117201'),
(36, 3, 12, 'house  12', '96.7013989', '6.7013989166667', 'cn', '97.2979118'),
(37, 4, 1, 'house  1', '51.6313821', '21.631382138889', 'ta', '49.2089399'),
(38, 4, 2, 'house  2', '79.9391493', '19.93914925', 'ge', '79.0552539'),
(39, 4, 3, 'house  3', '107.1104585', '17.110458527778', 'cn', '108.5480073'),
(40, 4, 4, 'house  4', '135.6131398', '15.613139833333', 'le', '138.0745126'),
(41, 4, 5, 'house  5', '166.9241976', '16.924197638889', 'vi', '167.9704229'),
(42, 4, 6, 'house  6', '199.9182835', '19.918283444444', 'li', '198.3896325'),
(43, 4, 7, 'house  7', '231.6313821', '21.631382138889', 'sc', '229.2089399'),
(44, 4, 8, 'house  8', '259.9391493', '19.93914925', 'sa', '259.0552539'),
(45, 4, 9, 'house  9', '287.1104585', '17.110458527778', 'cp', '288.5480073'),
(46, 4, 10, 'house  10', '315.6131398', '15.613139833333', 'aq', '318.0745126'),
(47, 4, 11, 'house  11', '346.9241976', '16.924197638889', 'pi', '347.9704229'),
(48, 4, 12, 'house  12', '19.9182835', '19.918283444444', 'ar', '18.3896325'),
(49, 5, 1, 'house  1', '22.8292101', '22.829210083333', 'ar', '21.1173282'),
(50, 5, 2, 'house  2', '53.7396727', '23.739672694444', 'ta', '51.3577466'),
(51, 5, 3, 'house  3', '81.7974290', '21.797429055556', 'ge', '81.0708947'),
(52, 5, 4, 'house  4', '109.0056800', '19.00568', 'cn', '110.5774395'),
(53, 5, 5, 'house  5', '137.8154275', '17.815427555556', 'le', '140.2580908'),
(54, 5, 6, 'house  6', '169.5665405', '', 'vi', '170.4110261'),
(55, 5, 7, 'house  7', '202.8292101', '22.829210083333', 'li', '201.1173282'),
(56, 5, 8, 'house  8', '233.7396727', '23.739672694444', 'sc', '231.3577466'),
(57, 5, 9, 'house  9', '261.7974290', '21.797429055556', 'sa', '261.0708947'),
(58, 5, 10, 'house  10', '289.0056800', '19.00568', 'cp', '290.5774395'),
(59, 5, 11, 'house  11', '317.8154275', '17.815427555556', 'aq', '320.2580908'),
(60, 5, 12, 'house  12', '349.5665405', '', 'pi', '350.4110261'),
(61, 6, 1, 'house  1', '38.3196305', '8.3196305277778', 'ta', '35.9451858'),
(62, 6, 2, 'house  2', '67.7563705', '7.7563704444444', 'ge', '65.9740166'),
(63, 6, 3, 'house  3', '95.1487415', '5.1487414722222', 'cn', '95.6090798'),
(64, 6, 4, 'house  4', '122.8841942', '2.8841941666667', 'le', '125.1723187'),
(65, 6, 5, 'house  5', '153.0438153', '3.0438153055556', 'vi', '154.9867570'),
(66, 6, 6, 'house  6', '185.7221850', '5.722185', 'li', '185.2526720'),
(67, 6, 7, 'house  7', '218.3196305', '8.3196305277778', 'sc', '215.9451858'),
(68, 6, 8, 'house  8', '247.7563705', '7.7563704444444', 'sa', '245.9740166'),
(69, 6, 9, 'house  9', '275.1487415', '5.1487414722222', 'cp', '275.6090798'),
(70, 6, 10, 'house  10', '302.8841942', '2.8841941666667', 'aq', '305.1723187'),
(71, 6, 11, 'house  11', '333.0438153', '3.0438153055556', 'pi', '334.9867570'),
(72, 6, 12, 'house  12', '5.7221850', '5.722185', 'ar', '5.2526720'),
(73, 7, 1, 'house  1', '98.1600244', '8.1600243611111', 'cn', '98.8828541'),
(74, 7, 2, 'house  2', '125.8160394', '5.8160393888889', 'le', '128.1874166'),
(75, 7, 3, 'house  3', '155.8002305', '5.8002304722222', 'vi', '157.5926097'),
(76, 7, 4, 'house  4', '188.0597084', '8.0597083611111', 'li', '187.4022115'),
(77, 7, 5, 'house  5', '220.1191685', '10.1191685', 'sc', '217.7077137'),
(78, 7, 6, 'house  6', '249.9713702', '9.9713701944444', 'sa', '248.3306219'),
(79, 7, 7, 'house  7', '278.1600244', '8.1600243611111', 'cp', '278.8828541'),
(80, 7, 8, 'house  8', '305.8160394', '5.8160393888889', 'aq', '308.1874166'),
(81, 7, 9, 'house  9', '335.8002305', '5.8002304722222', 'pi', '337.5926097'),
(82, 7, 10, 'house  10', '8.0597084', '8.0597083611111', 'ar', '7.4022115'),
(83, 7, 11, 'house  11', '40.1191685', '10.1191685', 'ta', '37.7077137'),
(84, 7, 12, 'house  12', '69.9713702', '9.9713701944444', 'ge', '68.3306219'),
(85, 8, 1, 'house  1', '208.7301550', '28.730155027778', 'li', '206.6987144'),
(86, 8, 2, 'house  2', '238.7689382', '28.768938194444', 'sc', '236.5385450'),
(87, 8, 3, 'house  3', '267.1308980', '27.130897972222', 'sa', '266.8732497'),
(88, 8, 4, 'house  4', '295.4074997', '25.407499722222', 'cp', '297.3720352'),
(89, 8, 5, 'house  5', '325.3684675', '25.368467527778', 'aq', '327.6394037'),
(90, 8, 6, 'house  6', '357.1850231', '27.185023138889', 'pi', '357.4170577'),
(91, 8, 7, 'house  7', '28.7301550', '28.730155027778', 'ar', '26.6987144'),
(92, 8, 8, 'house  8', '58.7689382', '28.768938194444', 'ta', '56.5385450'),
(93, 8, 9, 'house  9', '87.1308980', '27.130897972222', 'ge', '86.8732497'),
(94, 8, 10, 'house  10', '115.4074997', '25.407499722222', 'cn', '117.3720352'),
(95, 8, 11, 'house  11', '145.3684675', '25.368467527778', 'le', '147.6394037'),
(96, 8, 12, 'house  12', '177.1850231', '27.185023138889', 'vi', '177.4170577'),
(97, 9, 1, 'house  1', '32.3061996', '2.3061995555556', 'ta', '30.1193072'),
(98, 9, 2, 'house  2', '62.3141540', '2.3141540277778', 'ge', '60.2345700'),
(99, 9, 3, 'house  3', '89.8778219', '29.877821888889', 'ge', '89.8668294'),
(100, 9, 4, 'house  4', '117.3059425', '27.305942555556', 'cn', '119.3673035'),
(101, 9, 5, 'house  5', '146.8934800', '26.893479972222', 'le', '149.1108593'),
(102, 9, 6, 'house  6', '179.2981466', '29.298146583333', 'vi', '179.3560759'),
(103, 9, 7, 'house  7', '212.3061996', '2.3061995555556', 'sc', '210.1193072'),
(104, 9, 8, 'house  8', '242.3141540', '2.3141540277778', 'sa', '240.2345700'),
(105, 9, 9, 'house  9', '269.8778219', '29.877821888889', 'sa', '269.8668294'),
(106, 9, 10, 'house  10', '297.3059425', '27.305942555556', 'cp', '299.3673035'),
(107, 9, 11, 'house  11', '326.8934800', '26.893479972222', 'aq', '329.1108593'),
(108, 9, 12, 'house  12', '359.2981466', '29.298146583333', 'pi', '359.3560759'),
(109, 10, 1, 'house  1', '79.6475598', '19.647559777778', 'ge', '78.7391139'),
(110, 10, 2, 'house  2', '106.7915595', '16.791559527778', 'cn', '108.2061870'),
(111, 10, 3, 'house  3', '135.1155831', '15.115583055556', 'le', '137.5798299'),
(112, 10, 4, 'house  4', '166.1293179', '16.129317861111', 'vi', '167.2350290'),
(113, 10, 5, 'house  5', '198.8456575', '18.845657527778', 'li', '197.3877782'),
(114, 10, 6, 'house  6', '230.4350063', '20.43500625', 'sc', '227.9946967'),
(115, 10, 7, 'house  7', '259.6475598', '19.647559777778', 'sa', '258.7391139'),
(116, 10, 8, 'house  8', '286.7915595', '16.791559527778', 'cp', '288.2061870'),
(117, 10, 9, 'house  9', '315.1155831', '15.115583055556', 'aq', '317.5798299'),
(118, 10, 10, 'house  10', '346.1293179', '16.129317861111', 'pi', '347.2350290'),
(119, 10, 11, 'house  11', '18.8456575', '18.845657527778', 'ar', '17.3877782'),
(120, 10, 12, 'house  12', '50.4350063', '20.43500625', 'ta', '47.9946967'),
(121, 11, 1, 'house  1', '88.9754680', '28.975468027778', 'ge', '88.8833173'),
(122, 11, 2, 'house  2', '116.2559862', '26.255986166667', 'cn', '118.2648467'),
(123, 11, 3, 'house  3', '145.3818331', '25.381833055556', 'le', '147.6521808'),
(124, 11, 4, 'house  4', '177.1500189', '27.150018888889', 'vi', '177.3849158'),
(125, 11, 5, 'house  5', '209.6926238', '29.692623777778', 'li', '207.6164624'),
(126, 11, 6, 'house  6', '240.3995806', '0.39958061111111', 'sa', '238.2343135'),
(127, 11, 7, 'house  7', '268.9754680', '28.975468027778', 'sa', '268.8833173'),
(128, 11, 8, 'house  8', '296.2559862', '26.255986166667', 'cp', '298.2648467'),
(129, 11, 9, 'house  9', '325.3818331', '25.381833055556', 'aq', '327.6521808'),
(130, 11, 10, 'house  10', '357.1500189', '27.150018888889', 'pi', '357.3849158'),
(131, 11, 11, 'house  11', '29.6926238', '29.692623777778', 'ar', '27.6164624'),
(132, 11, 12, 'house  12', '60.3995806', '0.39958061111111', 'ge', '58.2343135'),
(133, 12, 1, 'house  1', '57.0962943', '27.096294333333', 'ta', '54.8074689'),
(134, 12, 2, 'house  2', '85.0225686', '25.022568638889', 'ge', '84.5773554'),
(135, 12, 3, 'house  3', '112.2558187', '22.25581875', 'cn', '114.0389701'),
(136, 12, 4, 'house  4', '141.1974621', '21.197462083333', 'le', '143.5827972'),
(137, 12, 5, 'house  5', '172.9497432', '', 'vi', '173.5264828'),
(138, 12, 6, 'house  6', '205.8747682', '25.874768166667', 'li', '203.9889459'),
(139, 12, 7, 'house  7', '237.0962943', '27.096294333333', 'sc', '234.8074689'),
(140, 12, 8, 'house  8', '265.0225686', '25.022568638889', 'sa', '264.5773554'),
(141, 12, 9, 'house  9', '292.2558187', '22.25581875', 'cp', '294.0389701'),
(142, 12, 10, 'house  10', '321.1974621', '21.197462083333', 'aq', '323.5827972'),
(143, 12, 11, 'house  11', '352.9497432', '', 'pi', '353.5264828'),
(144, 12, 12, 'house  12', '25.8747682', '25.874768166667', 'ar', '23.9889459'),
(145, 13, 1, 'house  1', '208.7515211', '28.751521083333', 'li', '206.7187892'),
(146, 13, 2, 'house  2', '238.7888390', '28.788838972222', 'sc', '236.5588814'),
(147, 13, 3, 'house  3', '267.1497916', '', 'sa', '266.8937969'),
(148, 13, 4, 'house  4', '295.4267857', '25.426785666667', 'cp', '297.3926294'),
(149, 13, 5, 'house  5', '325.3893157', '25.38931575', 'aq', '327.6598672'),
(150, 13, 6, 'house  6', '357.2070482', '27.207048194444', 'pi', '357.4373027'),
(151, 13, 7, 'house  7', '28.7515211', '28.751521083333', 'ar', '26.7187892'),
(152, 13, 8, 'house  8', '58.7888390', '28.788838972222', 'ta', '56.5588814'),
(153, 13, 9, 'house  9', '87.1497916', '', 'ge', '86.8937969'),
(154, 13, 10, 'house  10', '115.4267857', '25.426785666667', 'cn', '117.3926294'),
(155, 13, 11, 'house  11', '145.3893157', '25.38931575', 'le', '147.6598672'),
(156, 13, 12, 'house  12', '177.2070482', '27.207048194444', 'vi', '177.4373027'),
(157, 14, 1, 'house  1', '300.8132241', '0.81322405555556', 'aq', '303.0270855'),
(158, 14, 2, 'house  2', '332.1611228', '2.1611227777778', 'pi', '334.1486082'),
(159, 14, 3, 'house  3', '5.2303492', '5.2303492222222', 'ar', '4.8008257'),
(160, 14, 4, 'house  4', '37.0873169', '7.0873169166667', 'ta', '34.7437150'),
(161, 14, 5, 'house  5', '66.0150162', '6.0150161944444', 'ge', '64.1297001'),
(162, 14, 6, 'house  6', '93.1027232', '3.1027231666667', 'cn', '93.3811833'),
(163, 14, 7, 'house  7', '120.8132241', '0.81322405555556', 'le', '123.0270855'),
(164, 14, 8, 'house  8', '152.1611228', '2.1611227777778', 'vi', '154.1486082'),
(165, 14, 9, 'house  9', '185.2303492', '5.2303492222222', 'li', '184.8008257'),
(166, 14, 10, 'house  10', '217.0873169', '7.0873169166667', 'sc', '214.7437150'),
(167, 14, 11, 'house  11', '246.0150162', '6.0150161944444', 'sa', '244.1297001'),
(168, 14, 12, 'house  12', '273.1027232', '3.1027231666667', 'cp', '273.3811833'),
(169, 15, 1, 'house  1', '70.5219730', '10.521973027778', 'ge', '68.9184252'),
(170, 15, 2, 'house  2', '97.8063522', '7.80635225', 'cn', '98.4986344'),
(171, 15, 3, 'house  3', '125.5270726', '5.5270726111111', 'le', '127.8909670'),
(172, 15, 4, 'house  4', '155.6891708', '5.68917075', 'vi', '157.4876180'),
(173, 15, 5, 'house  5', '188.2253897', '8.2253896666667', 'li', '187.5548139'),
(174, 15, 6, 'house  6', '220.5369306', '10.536930583333', 'sc', '218.1186189'),
(175, 15, 7, 'house  7', '250.5219730', '10.521973027778', 'sa', '248.9184252'),
(176, 15, 8, 'house  8', '277.8063522', '7.80635225', 'cp', '278.4986344'),
(177, 15, 9, 'house  9', '305.5270726', '5.5270726111111', 'aq', '307.8909670'),
(178, 15, 10, 'house  10', '335.6891708', '5.68917075', 'pi', '337.4876180'),
(179, 15, 11, 'house  11', '8.2253897', '8.2253896666667', 'ar', '7.5548139'),
(180, 15, 12, 'house  12', '40.5369306', '10.536930583333', 'ta', '38.1186189'),
(181, 16, 1, 'house  1', '302.5840257', '2.5840257222222', 'aq', '304.8624556'),
(182, 16, 2, 'house  2', '333.7760002', '3.7760001944444', 'pi', '335.6807169'),
(183, 16, 3, 'house  3', '6.6937155', '6.6937155277778', 'ar', '6.1456157'),
(184, 16, 4, 'house  4', '38.4702958', '8.4702958055556', 'ta', '36.0921400'),
(185, 16, 5, 'house  5', '67.4390191', '7.4390191388889', 'ge', '65.6371038'),
(186, 16, 6, 'house  6', '94.6782461', '4.6782461111111', 'cn', '95.0970153'),
(187, 16, 7, 'house  7', '122.5840257', '2.5840257222222', 'le', '124.8624556'),
(188, 16, 8, 'house  8', '153.7760002', '3.7760001944444', 'vi', '155.6807169'),
(189, 16, 9, 'house  9', '186.6937155', '6.6937155277778', 'li', '186.1456157'),
(190, 16, 10, 'house  10', '218.4702958', '8.4702958055556', 'sc', '216.0921400'),
(191, 16, 11, 'house  11', '247.4390191', '7.4390191388889', 'sa', '245.6371038'),
(192, 16, 12, 'house  12', '274.6782461', '4.6782461111111', 'cp', '275.0970153'),
(193, 17, 1, 'house  1', '38.5349213', '8.53492125', 'ta', '36.1551795'),
(194, 17, 2, 'house  2', '67.9554411', '7.9554410833333', 'ge', '66.1850479'),
(195, 17, 3, 'house  3', '95.2947196', '5.2947195555556', 'cn', '95.7680242'),
(196, 17, 4, 'house  4', '122.9794075', '2.9794075', 'le', '125.2710199'),
(197, 17, 5, 'house  5', '153.1211367', '3.1211366666667', 'vi', '155.0603874'),
(198, 17, 6, 'house  6', '185.8438746', '5.8438745833333', 'li', '185.3644217'),
(199, 17, 7, 'house  7', '218.5349213', '8.53492125', 'sc', '216.1551795'),
(200, 17, 8, 'house  8', '247.9554411', '7.9554410833333', 'sa', '246.1850479'),
(201, 17, 9, 'house  9', '275.2947196', '5.2947195555556', 'cp', '275.7680242'),
(202, 17, 10, 'house  10', '302.9794075', '2.9794075', 'aq', '305.2710199'),
(203, 17, 11, 'house  11', '333.1211367', '3.1211366666667', 'pi', '335.0603874'),
(204, 17, 12, 'house  12', '5.8438746', '5.8438745833333', 'ar', '5.3644217'),
(205, 18, 1, 'house  1', '332.0467254', '2.0467254166667', 'pi', '334.0399804'),
(206, 18, 2, 'house  2', '5.2067565', '5.2067565277778', 'ar', '4.7791316'),
(207, 18, 3, 'house  3', '37.3323900', '7.3323899722222', 'ta', '34.9822610'),
(208, 18, 4, 'house  4', '66.5503840', '6.550384', 'ge', '64.6959060'),
(209, 18, 5, 'house  5', '93.8524312', '3.8524311944444', 'cn', '94.1977761'),
(210, 18, 6, 'house  6', '121.6220813', '1.6220812777778', 'le', '123.8664290'),
(211, 18, 7, 'house  7', '152.0467254', '2.0467254166667', 'vi', '154.0399804'),
(212, 18, 8, 'house  8', '185.2067565', '5.2067565277778', 'li', '184.7791316'),
(213, 18, 9, 'house  9', '217.3323900', '7.3323899722222', 'sc', '214.9822610'),
(214, 18, 10, 'house  10', '246.5503840', '6.550384', 'sa', '244.6959060'),
(215, 18, 11, 'house  11', '273.8524312', '3.8524311944444', 'cp', '274.1977761'),
(216, 18, 12, 'house  12', '301.6220813', '1.6220812777778', 'aq', '303.8664290');

-- --------------------------------------------------------

--
-- Estructura de tabla para la tabla `colores`
--

CREATE TABLE `colores` (
  `id_color` int(11) NOT NULL,
  `color_es` text NOT NULL,
  `color_en` text NOT NULL
) ENGINE=MyISAM DEFAULT CHARSET=latin1;

--
-- Volcado de datos para la tabla `colores`
--

INSERT INTO `colores` (`id_color`, `color_es`, `color_en`) VALUES
(1, 'Negro', 'Black\r'),
(2, 'Rojo escarlata', 'Scarlet Red\r'),
(3, 'Celeste', 'Light Blue\r'),
(4, 'Rojo vivo', 'Red Alive\r'),
(5, 'Azul', 'Blue\r'),
(6, 'Amarillo', 'Yellow\r'),
(7, 'Plata', 'Silver\r'),
(8, 'Verde oscuro', 'Dark Green\r'),
(9, 'Amarillo pálido', 'Pale Yellow\r'),
(10, 'Violeta', 'Violet\r'),
(11, 'Anaranjado claro', 'Light Orange\r'),
(12, 'Marrón', 'Brown\r'),
(13, 'Verde claro', 'Light Green\r'),
(14, 'Rojo oscuro', 'Dark Red\r'),
(15, 'Celeste brillante', 'Bright Blue\r'),
(16, 'Gris oscuro', 'Dark Gray\r'),
(17, 'Azúl eléctrico', 'Electric Blue\r'),
(18, 'Aguamarina', 'Aquamarine');

-- --------------------------------------------------------

--
-- Estructura de tabla para la tabla `colores_nombre_dios`
--

CREATE TABLE `colores_nombre_dios` (
  `id_color_nombre_dios` int(11) NOT NULL,
  `id_color` int(11) NOT NULL,
  `id_nombre_dios` int(11) NOT NULL
) ENGINE=MyISAM DEFAULT CHARSET=latin1;

--
-- Volcado de datos para la tabla `colores_nombre_dios`
--

INSERT INTO `colores_nombre_dios` (`id_color_nombre_dios`, `id_color`, `id_nombre_dios`) VALUES
(1, 2, 1),
(2, 1, 1),
(3, 2, 2),
(4, 3, 2),
(5, 2, 3),
(6, 4, 3),
(7, 2, 4),
(8, 5, 4),
(9, 2, 5),
(10, 6, 5),
(11, 2, 6),
(12, 7, 6),
(13, 8, 7),
(14, 1, 7),
(15, 8, 8),
(16, 3, 8),
(17, 8, 9),
(18, 4, 9),
(19, 8, 10),
(20, 5, 10),
(21, 8, 11),
(22, 6, 11),
(23, 8, 12),
(24, 7, 12),
(25, 9, 13),
(26, 1, 13),
(27, 9, 14),
(28, 3, 14),
(29, 9, 15),
(30, 4, 15),
(31, 9, 16),
(32, 5, 16),
(33, 9, 17),
(34, 6, 17),
(35, 9, 18),
(36, 7, 18),
(37, 10, 19),
(38, 1, 19),
(39, 10, 20),
(40, 3, 20),
(41, 10, 21),
(42, 4, 21),
(43, 10, 22),
(44, 5, 22),
(45, 10, 23),
(46, 6, 23),
(47, 10, 24),
(48, 7, 24),
(49, 11, 25),
(50, 1, 25),
(51, 11, 26),
(52, 3, 26),
(53, 11, 27),
(54, 4, 27),
(55, 11, 28),
(56, 5, 28),
(57, 11, 29),
(58, 6, 29),
(59, 11, 30),
(60, 7, 30),
(61, 12, 31),
(62, 1, 31),
(63, 12, 32),
(64, 3, 32),
(65, 12, 33),
(66, 4, 33),
(67, 12, 34),
(68, 5, 34),
(69, 12, 35),
(70, 6, 35),
(71, 12, 36),
(72, 7, 36),
(73, 13, 37),
(74, 1, 37),
(75, 13, 38),
(76, 3, 38),
(77, 13, 39),
(78, 4, 39),
(79, 13, 40),
(80, 5, 40),
(81, 13, 41),
(82, 6, 41),
(83, 13, 42),
(84, 7, 42),
(85, 14, 43),
(86, 1, 43),
(87, 14, 44),
(88, 3, 44),
(89, 14, 45),
(90, 4, 45),
(91, 14, 46),
(92, 5, 46),
(93, 14, 47),
(94, 6, 47),
(95, 14, 48),
(96, 7, 48),
(97, 15, 49),
(98, 1, 49),
(99, 15, 50),
(100, 3, 50),
(101, 15, 51),
(102, 4, 51),
(103, 15, 52),
(104, 5, 52),
(105, 15, 53),
(106, 6, 53),
(107, 15, 54),
(108, 7, 54),
(109, 16, 55),
(110, 1, 55),
(111, 16, 56),
(112, 3, 56),
(113, 16, 57),
(114, 4, 57),
(115, 16, 58),
(116, 5, 58),
(117, 16, 59),
(118, 6, 59),
(119, 16, 60),
(120, 7, 60),
(121, 17, 61),
(122, 1, 61),
(123, 17, 62),
(124, 3, 62),
(125, 17, 63),
(126, 4, 63),
(127, 17, 64),
(128, 5, 64),
(129, 17, 65),
(130, 6, 65),
(131, 17, 66),
(132, 7, 66),
(133, 18, 67),
(134, 1, 67),
(135, 18, 68),
(136, 3, 68),
(137, 18, 69),
(138, 4, 69),
(139, 18, 70),
(140, 5, 70),
(141, 18, 71),
(142, 6, 71),
(143, 18, 72),
(144, 7, 72);

-- --------------------------------------------------------

--
-- Estructura de tabla para la tabla `colores_planetas`
--

CREATE TABLE `colores_planetas` (
  `id_color_planeta` int(11) NOT NULL,
  `color_planeta_es` text NOT NULL,
  `color_planeta_en` text NOT NULL
) ENGINE=MyISAM DEFAULT CHARSET=latin1;

--
-- Volcado de datos para la tabla `colores_planetas`
--

INSERT INTO `colores_planetas` (`id_color_planeta`, `color_planeta_es`, `color_planeta_en`) VALUES
(1, 'Dorado', ''),
(2, 'Plateado', ''),
(3, 'Amarillo Brillante', ''),
(4, 'Amarillo Oscuro ', ''),
(5, 'Azul Oscuro ', ''),
(6, 'Azul ', ''),
(7, 'Rojo vivo ', ''),
(8, 'Rojo oscuro ', ''),
(9, 'Celeste brillante ', ''),
(10, 'Celeste ', ''),
(11, 'Negro ', ''),
(12, 'Negro Eléctrico ', '');

-- --------------------------------------------------------

--
-- Estructura de tabla para la tabla `combinacion_letras`
--

CREATE TABLE `combinacion_letras` (
  `id_combinacion` int(11) NOT NULL,
  `combinacion_es` text NOT NULL,
  `combinacion_en` text NOT NULL
) ENGINE=MyISAM DEFAULT CHARSET=latin1;

--
-- Volcado de datos para la tabla `combinacion_letras`
--

INSERT INTO `combinacion_letras` (`id_combinacion`, `combinacion_es`, `combinacion_en`) VALUES
(1, 'Tu tendencia a reconocer el mundo de los sentidos como el verdadero universo, debe ser equilibrada usando esta inclinación como una potencialidad innata para explorar la materia de manera profunda, científica, que te permita encontrar, con ayuda de tu creatividad, utilidad para todos estos de recursos para que beneficien a la humanidad. Sólo de esta manera podrás reconocer que, en realidad, eres una antena espiritual que sirve como medio para transmitir la abundancia del mundo superior a este plano físico y que el mundo no es sólo lo que perciben tus sentidos.', ''),
(2, 'Eres un motivador innato que, transmitiendo energía positiva constantemente a los demás, puedes desarrollar la tolerancia necesaria para evitar juzgar a las personas con severidad conforme a las leyes de la humanidad, como un mecanismo de reacción al caos. El equilibrio de estas dos rasgos innatos te permitirá revelar tu verdadera esencia a través del servicio o apoyo a tus semejantes, sin esperar reconocimiento o protagonismo por tus actos.  ', ''),
(4, 'Tiendes a aplicar las normas o leyes de los hombres de manera estricta y severa como mecanismo de control del caos. Debes esforzarte para ser tolerante y eliminar todo pensamiento negativo de tu ser. Mantener tu consciencia en un estado positivo es el medio para liberarte del papel de juez que ejecutas con frecuencia y te llevara a comprender que el verdadero origen de las buenas acciones de las personas no es el miedo a un castigo de la humanidad sino al temor a las consecuencias inexorables de la ley de causa y efecto que opera en nuestro universo, influenciando de manera directa nuestra evolución integral hacia la conquista de nuestro propio yo.', ''),
(11, 'Debes aprender identificar la esencia de una fuerza espiritual superior en las situaciones o hechos aparentemente negativos, entendiendo los conceptos de justicia y equidad en su nivel más sublime y espiritual, que todo obedece a un orden justo superior. Sólo de esta manera podrás reconocer que, en realidad, eres una antena espiritual que sirve como medio para transmitir la abundancia del mundo superior a este plano físico y que el mundo no es sólo lo que perciben tus sentidos.', ''),
(14, 'Debes recordar que eres una fuente de claridad espiritual e inspiración para otros en su camino de evolución. Actuando en consecuencia con esta potencialidad innata y teniendo presente que debes aprender a filtrar  este conocimiento porque no todos están preparados para estas enseñanzas, lograrás equilibrar tu inclinación a desarrollar apegos fuertes los recursos materiales que el universo pone a tu disposición. La liberación que experimentarás en este proceso,  te convertirá en una fuente de apoyo en diferentes niveles para tus semejantes, a través de la activación de tu capacidad innata de compartir.', ''),
(15, 'Debes comprender que se te otorga el poder para producir y administrar los recursos esenciales para el sostenimiento básico de la gente de la comunidad a la que representas. Al desarrollar tu capacidad innata de conexión con el mundo metafísico para recibir los beneficios de la energía superior, podrás restringirse internamente desarrollar esta labor con honestidad, sin apropiarte de estos recursos que se le han confiado sino anteponiendo el beneficio de tu comunidad antes que el tuyo propio. Esto te permitirá revelar tu verdadera esencia a través del servicio o apoyo a tus semejantes, sin esperar reconocimiento o protagonismo por tus actos. ', ''),
(16, 'Debes usar tu potencial innato de saber utilizar las fuerza negativas metafísicas para tu beneficio, para transformar la energía de negatividad en energía positiva. Tu esfuerzo para que la gente no retroceda en su avance espiritual, convenciendo al que quiera renunciar para que se mantenga firme, es una herramienta para conseguir este propósito.  Así podrás expresar con conocimiento profundo que  las consecuencias inexorables de la ley de causa y efecto que opera en nuestro universo, influencian de manera directa nuestra evolución integral hacia la conquista de nuestro propio yo.', ''),
(19, 'Tu capacidad de entender de manera clara y profunda el significado del concepto espiritual de equidad (justicia), será una herramienta muy importante para que, mediante la aplicación del mismo, controles tu tendencia a buscar tu beneficio material por encima de los intereses de los demás. Así podrás  revelarte como antena espiritual que sirve como medio para transmitir la abundancia del mundo superior a este plano físico y que el mundo no es sólo lo que perciben tus sentidos.', ''),
(22, 'Eres un motivador innato que, transmitiendo energía positiva constantemente a los demás, podrás conectar con las personas y entender que no hay un enfoque único filosófico o sistema de creencias que deba ser aceptado por todos, aún si tú mismo has crecido influenciado por un sólo sistema sin cuestionarlo. Entendiendo que la diversidad es inherente al ser humano, abrir tu mente, tolerar y respetar las opiniones de todos te hará revelar tu verdadera esencia a través del servicio o apoyo a tus semejantes, sin esperar reconocimiento o protagonismo por tus actos. ', ''),
(26, 'Debes aprender identificar la esencia de una fuerza espiritual superior en las situaciones o hechos aparentemente negativos, usando tu capacidad innata de conexión con el mundo metafísico para identificar el mensaje de sabiduría codificado en cada manifestación física en el universo. Este equilibrio logrado te llevará a buscar y escoger una filosofía espiritual para desarrollar tu potencial innato y  convertirte en fuente de luz para los que te rodean compartir el conocimiento adquirido. ', ''),
(32, 'Tu tendencia a disfrutar de manera desequilibrada del mundo material, te puede llevar a excesos y podrías quedarte atrapado en el la sensación agradable de la satisfacción de los sentidos. Usando esta inclinación como una potencialidad innata para explorar la materia de manera profunda y científica, que te permita encontrar, con ayuda de tu creatividad, utilidad para todos estos recursos para que beneficien a la humanidad, es la manera de encontrar tu equilibrio. Sólo así entenderás y superarás las dificultades de tu entorno, con tu esfuerzo personal, y te convertirás en garante de la abundancia y el bienestar de los demás, velando para que no falte nada. ', ''),
(38, 'Debes usar tu potencial innato de saber utilizar las fuerza negativas metafísicas para tu beneficio, para transformar la energía de negatividad en energía positiva. Tu esfuerzo para que la gente no retroceda en su avance espiritual, convenciendo al que quiera renunciar para que se mantenga firme, es una herramienta para conseguir este propósito.  Así podrás expresar con conocimiento profundo que  las consecuencias inexorables de la ley de causa y efecto que opera en nuestro universo, influencian de manera directa nuestra evolución integral hacia la conquista de nuestro propio yo.', ''),
(54, 'Revelándote contra la injusticia de la humanidad, justificando tu lucha para mejorar nuestra sociedad, podrás conectar con las personas y entender que no hay un enfoque único filosófico o sistema de creencias que deba ser aceptado por todos, aún si tú mismo has crecido influenciado por un sólo sistema sin cuestionarlo. Entendiendo que la diversidad es inherente al ser humano, abrir tu mente, tolerar y respetar las opiniones de todos te brindará la sabiduría que necesitas para usar la abundancia material que te ofrece el universo con el fin de desarrollar tu propósito espiritual. Entenderás que materia y mundo metafísico están unidos.', ''),
(60, 'Debes recordar que eres una fuente de claridad espiritual e inspiración para otros en su camino de evolución. Actuando en consecuencia con esta potencialidad innata y teniendo presente que debes aprender a filtrar este conocimiento porque no todos están preparados para estas enseñanzas, te dará la fuerza para realizar los actos de restricción necesarios para conectarse con mundos muy elevados para lo cual estás diseñado, porque se te dota de un entorno dispuesto para impedir esta conexión. lograrás mostrarle a los demás que estos mundos existen y les enseñas el camino para lograr esta conexión. Sólo así entenderás y superarás las dificultades de tu entorno, con tu esfuerzo personal, y te convertirás en garante de la abundancia y el bienestar de los demás, velando para que no falte nada. ', ''),
(64, 'Debes recordar que eres una fuente de claridad espiritual e inspiración para otros en su camino de evolución. Actuando en consecuencia con esta potencialidad innata y teniendo presente que debes aprender a filtrar  este conocimiento porque no todos están preparados para estas enseñanzas, te dará la fuerza para conectar con el mundo espiritual que, aunque sabes que existe,  el gran placer y comodidad que recibes del mundo material impide que te esfuerces por buscarlo. Conquistarte a ti mismo te permitirá revelar tu verdadera esencia a través del servicio o apoyo a tus semejantes, sin esperar reconocimiento o protagonismo por tus actos.  ', ''),
(71, 'Al desarrollar tu capacidad innata de conexión con el mundo metafísico para recibir los beneficios de la energía superior, podrás conectar con las personas y entender que no hay un enfoque único filosófico o sistema de creencias que deba ser aceptado por todos, aún si tú mismo has crecido influenciado por un sólo sistema sin cuestionarlo. Entendiendo que la diversidad es inherente al ser humano, abrir tu mente, tolerar y respetar las opiniones de todos te permitirá revelar tu verdadera esencia a través del servicio o apoyo a tus semejantes, sin esperar reconocimiento o protagonismo por tus actos. ', '');

-- --------------------------------------------------------

--
-- Estructura de tabla para la tabla `dias`
--

CREATE TABLE `dias` (
  `id_dia` int(11) NOT NULL,
  `dia` text NOT NULL
) ENGINE=MyISAM DEFAULT CHARSET=latin1;

--
-- Volcado de datos para la tabla `dias`
--

INSERT INTO `dias` (`id_dia`, `dia`) VALUES
(1, 'Día 1\r'),
(2, 'Día 2\r'),
(3, 'Día 3\r'),
(4, 'Día 4\r'),
(5, 'Día 5\r'),
(6, 'Día 6\r'),
(7, 'Día 7');

-- --------------------------------------------------------

--
-- Estructura de tabla para la tabla `dias_etapas`
--

CREATE TABLE `dias_etapas` (
  `id_dia_etapa` int(11) NOT NULL,
  `id_etapa` int(11) NOT NULL,
  `id_dia` int(11) NOT NULL
) ENGINE=MyISAM DEFAULT CHARSET=latin1;

--
-- Volcado de datos para la tabla `dias_etapas`
--

INSERT INTO `dias_etapas` (`id_dia_etapa`, `id_etapa`, `id_dia`) VALUES
(1, 1, 1),
(2, 2, 2),
(3, 2, 3),
(4, 3, 4),
(5, 4, 5),
(6, 4, 6),
(7, 4, 7);

-- --------------------------------------------------------

--
-- Estructura de tabla para la tabla `elementos`
--

CREATE TABLE `elementos` (
  `id_elemento` int(11) NOT NULL,
  `nombre_elemento_es` text NOT NULL,
  `nombre_elemento_en` text NOT NULL
) ENGINE=MyISAM DEFAULT CHARSET=latin1;

--
-- Volcado de datos para la tabla `elementos`
--

INSERT INTO `elementos` (`id_elemento`, `nombre_elemento_es`, `nombre_elemento_en`) VALUES
(3, 'Tierra', 'Earth\r'),
(2, 'Fuego', 'Fire\r'),
(1, 'Aire', 'Air\r'),
(4, 'Agua', 'Water');

-- --------------------------------------------------------

--
-- Estructura de tabla para la tabla `eliptic_obliquity_personas`
--

CREATE TABLE `eliptic_obliquity_personas` (
  `ideliptic_obliquityxpersonas` int(11) NOT NULL,
  `idusuario` int(11) NOT NULL,
  `eliptic_obliquity` text NOT NULL
) ENGINE=MyISAM DEFAULT CHARSET=latin1;

--
-- Volcado de datos para la tabla `eliptic_obliquity_personas`
--

INSERT INTO `eliptic_obliquity_personas` (`ideliptic_obliquityxpersonas`, `idusuario`, `eliptic_obliquity`) VALUES
(1, 1, '23.4409305'),
(2, 2, '23.4423882'),
(3, 3, '23.4397655'),
(4, 4, '23.4394029'),
(5, 5, '23.4423941'),
(6, 6, '23.4415438'),
(7, 7, '23.4415952'),
(8, 8, '23.4432477'),
(9, 9, '23.4431680'),
(10, 10, '23.4416885'),
(11, 11, '23.4425052'),
(12, 12, '23.4418521'),
(13, 13, '23.4448107'),
(14, 14, '23.4402082'),
(15, 15, '23.4396247'),
(16, 16, '23.4428183'),
(17, 17, '23.4434299'),
(18, 18, '23.4407653');

-- --------------------------------------------------------

--
-- Estructura de tabla para la tabla `etapas`
--

CREATE TABLE `etapas` (
  `id_etapa` int(11) NOT NULL,
  `etapa_es` text NOT NULL,
  `etapa_en` text NOT NULL
) ENGINE=MyISAM DEFAULT CHARSET=latin1;

--
-- Volcado de datos para la tabla `etapas`
--

INSERT INTO `etapas` (`id_etapa`, `etapa_es`, `etapa_en`) VALUES
(1, 'Reconocimiento', 'Recognition\r'),
(2, 'Conquista', 'Conquest\r'),
(3, 'Expansión', 'Expansion\r'),
(4, 'Mantenimiento', 'Maintenance');

-- --------------------------------------------------------

--
-- Estructura de tabla para la tabla `experience_personas`
--

CREATE TABLE `experience_personas` (
  `id_experience_persona` int(11) NOT NULL,
  `id_vital_experience` int(11) NOT NULL,
  `id_persona` int(11) NOT NULL,
  `pago` int(11) NOT NULL
) ENGINE=MyISAM DEFAULT CHARSET=latin1;

--
-- Volcado de datos para la tabla `experience_personas`
--

INSERT INTO `experience_personas` (`id_experience_persona`, `id_vital_experience`, `id_persona`, `pago`) VALUES
(1, 1, 1, 1),
(2, 1, 2, 1),
(3, 1, 3, 1),
(4, 1, 4, 1),
(5, 1, 5, 1),
(6, 1, 6, 1),
(7, 1, 7, 1),
(8, 1, 8, 1),
(9, 1, 9, 1),
(10, 1, 10, 1),
(11, 1, 11, 1),
(12, 1, 12, 1),
(13, 1, 13, 1),
(14, 1, 14, 1),
(15, 1, 15, 1),
(16, 1, 16, 1),
(17, 1, 17, 1),
(18, 1, 18, 1),
(25, 2, 30, 0),
(24, 2, 29, 0);

-- --------------------------------------------------------

--
-- Estructura de tabla para la tabla `guias_coach`
--

CREATE TABLE `guias_coach` (
  `id_guia_coach` int(11) NOT NULL,
  `id_tipo_guia_coach` int(11) NOT NULL,
  `id_sendero` int(11) NOT NULL,
  `guia_coach` text NOT NULL
) ENGINE=MyISAM DEFAULT CHARSET=latin1;

-- --------------------------------------------------------

--
-- Estructura de tabla para la tabla `inscritos`
--

CREATE TABLE `inscritos` (
  `id_inscrito` int(11) NOT NULL,
  `correo_electronico` text NOT NULL
) ENGINE=MyISAM DEFAULT CHARSET=latin1;

--
-- Volcado de datos para la tabla `inscritos`
--

INSERT INTO `inscritos` (`id_inscrito`, `correo_electronico`) VALUES
(1, 'fdfdf@gmail.com'),
(2, 'spanesso@gmail.com'),
(3, 'vigava81@hotmail.com'),
(4, 'cscolarov39@gmail.com'),
(5, 'zuliemusic@gmail.com'),
(6, 'jpena@tye.com.co');

-- --------------------------------------------------------

--
-- Estructura de tabla para la tabla `mc_personas`
--

CREATE TABLE `mc_personas` (
  `idmcxpersonas` int(11) NOT NULL,
  `idusuario` int(11) NOT NULL,
  `longitud` text NOT NULL,
  `zodiac_sign_position` text NOT NULL,
  `zodiac_sign_planet` text NOT NULL
) ENGINE=MyISAM DEFAULT CHARSET=latin1;

--
-- Volcado de datos para la tabla `mc_personas`
--

INSERT INTO `mc_personas` (`idmcxpersonas`, `idusuario`, `longitud`, `zodiac_sign_position`, `zodiac_sign_planet`) VALUES
(1, 1, '219.5498617', '', 'sc'),
(2, 2, '155.3615730', '5.3615730555556', 'vi'),
(3, 3, '38.3968054', '8.3968053611111', 'ta'),
(4, 4, '315.6131398', '15.613139833333', 'aq'),
(5, 5, '289.0056800', '19.00568', 'cp'),
(6, 6, '302.8841942', '2.8841941666667', 'aq'),
(7, 7, '8.0597084', '8.0597083611111', 'ar'),
(8, 8, '115.4074997', '25.407499722222', 'cn'),
(9, 9, '297.3059425', '27.305942555556', 'cp'),
(10, 10, '346.1293179', '16.129317861111', 'pi'),
(11, 11, '357.1500189', '27.150018888889', 'pi'),
(12, 12, '321.1974621', '21.197462083333', 'aq'),
(13, 13, '115.4267857', '25.426785666667', 'cn'),
(14, 14, '217.0873169', '7.0873169166667', 'sc'),
(15, 15, '335.6891708', '5.68917075', 'pi'),
(16, 16, '218.4702958', '8.4702958055556', 'sc'),
(17, 17, '302.9794075', '2.9794075', 'aq'),
(18, 18, '246.5503840', '6.550384', 'sa');

-- --------------------------------------------------------

--
-- Estructura de tabla para la tabla `meditaciones`
--

CREATE TABLE `meditaciones` (
  `id_meditacion` int(11) NOT NULL,
  `meditacion_es` text NOT NULL,
  `meditacion_en` text NOT NULL,
  `url` text NOT NULL,
  `des_meditacion` text NOT NULL
) ENGINE=MyISAM DEFAULT CHARSET=latin1;

--
-- Volcado de datos para la tabla `meditaciones`
--

INSERT INTO `meditaciones` (`id_meditacion`, `meditacion_es`, `meditacion_en`, `url`, `des_meditacion`) VALUES
(22, 'Meditacion_22', 'Meditacion_22', 'meditations/meditacion_22/meditacion_22.mp3', 'En el Universo no hay límites, así como Dios, la Energía pura que habita en todas la cosas, no tiene límite ni forma definida. Nadie puede decir de qué tamaño es el Universo y hasta dónde llega, nadie puede decir que tan grande es Dios y hasta donde llega su Amor; por tanto, todo lo creado a su imagen y semejanza conserva estas mismas cualidades.\r\nSi caminas tu vida pensando que lo que haces tiene un límite, ya no hallarás más cosas que aprender, pues le has puesto un límite a tu aprendizaje.\r\n\r\nLa sabiduría no conoce límites, ya que reconoce que en todo se encierra un aprendizaje y que nunca habrá una meta final a donde llegar, sólo un eterno presente que disfrutar absorbiéndolo completamente para nuestro bienestar y consecuente evolución en el entendimiento de nosotros mismos y de la vida.\r\n\r\nSi te permites aprender de la nada y el todo, simplemente experimentas la dicha de ser, aprendiendo a través de tu escucha, de tu apertura, de tu entrega. Aplica pues la humildad en todo momento, que es por definición, aquella perspectiva de vida que nos pone en un estado de apertura para recibir los tesoros de conocimiento que cada persona y entorno nos trae.\r\n\r\n ¿Estás dispuesto a recibir los regalos de la vida a través de todas las personas que co-crear en tus días en la tierra?\r\nToma de la nada y el todo, no le pongas límite a lo que no lo tiene; aprende de todo y hallarás el camino de la luz, comprenderás la dinámica de la vida, despertarás de tu sueño y verás el mundo como realmente es. \r\n\r\nAprende de todo, no juzgues nada, porque en cada situación por insignificante o grande que parezca se encierra la semilla del aprendizaje y sólo con el poder de la humildad puedes hacerla brotar para que dé los más maravillosos frutos en el jardín de la vida.'),
(71, 'Meditacion_71', 'Meditacion_71', 'meditations/meditacion_71/meditacion_71.mp3', '\r\nHoy serás consciente de que todos los seres y cosas que están en la tierra y por encima de ella tienen dentro de sí la presencia del amor, puesto que quién los creo es Amor e impregnó toda su creación de tan sutil aroma.\r\n\r\nDe allí que reconocerás que todos somos iguales, que cada persona, animal o elemento natural busca reconocer su Divinidad a través de diferentes caminos, pero que al final todos nos encontraremos en la verdad del corazón que es el Amor. \r\n\r\nCuando tienes humildad en el corazón te comportas de igual manera en distintos escenarios(casa, trabajo) y con diferentes clases de personas(pobres, ricas, negros, indios). Hoy tus pensamientos, palabras y acciones hablarán de tu humildad.'),
(60, 'Meditacion_60', 'Meditacion_60', 'meditations/meditacion_60/meditacion_60.mp3', 'Hay dos formas básicas de vivir, una con introspección y la otra sin ella. La introspección es ese espacio que apartamos para nosotros mismos donde nos enfocamos en revisar nuestras actitudes, pensamientos y auto definiciones. Es sin duda, un momento de pausa, renuevo y recomienzo, dándonos a la tarea de revisar nuestra vida para modificar aquellos aspectos que no están en coherencia con nuestras verdades más divinas.\r\n\r\nHoy te enfocarás en introspectar sobre las situaciones que se te presenten, bien sea al momento de haberse presentado o al final del día. En la zona de Reflexión del día escribirás tus conclusiones'),
(25, 'Meditacion_25', 'Meditacion_25', 'meditations/meditacion_25/meditacion_25.mp3', ''),
(13, 'Meditacion_13', 'Meditacion_13', 'meditations/meditacion_13/meditacion_13.mp3', ''),
(59, 'Meditacion_59', 'Meditacion_59', 'meditations/meditacion_59/meditacion_59.mp3', ''),
(11, 'Meditacion_11', 'Meditacion_11', 'meditations/meditacion_11/meditacion_11.mp3', 'Durante algún tiempo, el ser humano vive a sobrevivir, en aquel tiempo aprende a realizar diferentes actividades para la subsistencia y para la obtención de numerosos placeres sensoriales. Mas llega el tiempo en que la rutina tediosa de este tipo de vida produce un vacío, es allí cuando debe decidir si continuar en este ciclo sin sentido o emprender una nueva aventura hacia experiencias desconocidas.\r\n\r\nEs momento de hacer una pausa para revisar el mapa y determinar qué ruta seguir. No puedes continuar toda la vida en el nido de la nimiedad y la vacuidad, has de abrir tus alas y salir de la zona de confort… lánzate al vuelo de la vida.\r\n\r\nTomate un espacio y redefine tus metas; observa si éstos traerán alegría progresiva. La alegría progresiva nace, crece y se proyecta cuando tus objetivos y sueños te llenan de paz interior y se expande a todos los que participan en ellos. Es de valientes confrontar su propia historia de vida, quizás llegó el momento para ti de colocarte la armadura y empezar a gestar un vida más expansible. Recomienza, lánzate.'),
(4, 'Meditacion_04', 'Meditacion_04', 'meditations/meditacion_04/meditacion_04.mp3', 'Viviendo dentro de nuestro ser, en un nido que ha formado con dedicación y Amor, habita el pájaro azul; que siempre está allí, esperando el momento de lanzarse al vuelo, esperando conocer totalmente al viento y los lugares y senderos que éste recorre.\r\n\r\nLa Bendición de la Divinidad sutil y hermosa es, mágica y eterna, la cual siempre brilla en nuestro interior. Qué regalo más hermoso el tener siempre la capacidad de amarnos por encima de la ilusión que vivimos; no importa que pase afuera, siempre podemos amarnos inmensamente si así lo decidimos.\r\n\r\nAl amarnos encontramos la libertad, y estando en ella, nuestro pájaro azul vuela por los cielos para mostrar a otros que se han quedado en el nido, que si es posible ser libre.\r\n\r\nAma a tu prójimo como a ti mismo.'),
(19, 'Meditacion_19', 'Meditacion_19', 'meditations/meditacion_19/meditacion_19.mp3', 'De nada sirven las promesas cuando la intención que va por dentro, aquello llamado el motivo ulterior, no está en concordancia con la actitud y las palabras que expresamos. \r\n\r\nIntrospecta en tu hablar y tus motivos ulteriores, ¿Cuál es el efecto de las palabras que pronuncias en ti?, ¿qué sensaciones te generan? Has de confrontarte amorosamente y aplicar sabiduría al hablar; que tu si sea un sí y tu no sea un no, esto es, ser coherente con lo que eres ante cualquier persona al momento de hablar.\r\n\r\nNo te engañes a ti mismo procurando agradar a los demás con tus palabras, agrádate a ti mismo siendo coherente, permitiendo que el motivo ulterior y lao que dices sean uno. Se fiel a ti mismo y no jures ni prometas cosas que sabes no están en resonancia con tu ser. La mejor manera de perderse a uno mismo es negarse la posibilidad de ser uno mismo en cualquier entorno, mientras que la mejor manera de ganarse a uno mismo, que es igual a vivir en el Reino de los Cielos, es darse el permiso, sin ningún temor, de ser tú mismo.\r\n\r\nEste es el tiempo de decirle si a tu ser y no a la hipocresía que se esconde incluso de nosotros mismos, al actuar para agradar al mundo. Se tú, en tus pensamientos, mas especialmente en tus palabras.\r\n\r\nVe y vive contigo y para ti días felices.'),
(21, 'Meditacion_21', 'Meditacion_21', 'meditations/meditacion_21/meditacion_21.mp3', ''),
(1, 'Meditacion_01', 'Meditacion_01', 'meditations/meditacion_01/meditacion_01.mp3', 'La empatía emocional te permite comprender la experiencia de tu prójimo, es a través de ella que el corazón se abre como una flor que emana el más exquisito aroma. Esta aroma, mensajera divina de la esperanza para los solitarios de corazón, es llamada Servicio Incondicional.  El servicio incondicional no puede surgir de un corazón apegado, puesto que el apego a los ideales personales evita en todas las maneras el sentimiento de la empatía emocional.\r\n\r\nVivir en desapego no es inacción o indiferencia, es vivir con conciencia de que la intención que se coloca en cualquier acción, es la que determina el fruto, por tanto, el fruto es la misma semilla. Cuando piensas, creas y actúas desde esta conciencia, ya no hay pre-ocupación, mucho menos ansiedad ni sufrimiento; hay alegría, vida, expansión. \r\n\r\nHoy sé consciente de que tienes infinitas posibilidades de esparcir el aroma del servicio incondicional; con tus pensamientos, observando la esencia divina de cada ser y situación; con tus palabras, que edifiquen el amor propio sin excesos ególatras, de manera que pueda compartirse con el prójimo; con tus actos, estando presente en lo que haces y ofreciéndolo con excelencia sin mirar de reojo cuando ha de llegar el fruto. '),
(50, 'Meditacion_50', 'Meditacion_50', 'meditations/meditacion_50/meditacion_50.mp3', ''),
(20, 'Meditacion_20', 'Meditacion_20', 'meditations/meditacion_20/meditacion_20.mp3', ''),
(32, 'Meditacion_32', 'Meditacion_32', 'meditations/meditacion_32/meditacion_32.mp3', 'No podrás extender tus alas si te resistes a vivir la metamorfosis de tu vida, no conocerás la libertad del vuelo de la vida si no estás dispuesto a vivir las diferentes etapas que te llevarán a tal experiencia.\r\n\r\nNo hay quietud en la dinámica de las cosas, ni dentro de tu cuerpo, ni en el planeta, ni fuera de él; sólo hay algo que permanece en inquebrantable quietud: el cambio.\r\n\r\nAhora reflexiona sobre lo que te produce la resistencia al cambio: anquilosamiento, petrificación y sufrimiento. Que tu mente no te ancle a la zona de seguridad y te vayas a perder la experiencia de sentirte completo. Sentirte completo no tiene relación con bienes materiales, ni con relaciones personales; se trata de abrirte a vivir todos los ciclos para reconocer tus alas y entonces volar libre, con la sabiduría leve del conocimiento que brindaron las experiencias de cada ciclo vivido; los aspectos materiales y la armonía en las relaciones vendrán como añadidura cuando ya estés volando.\r\n\r\nLo único que vas a perder en el cambio es la limitación que no te deja ser completo; mas vas a obtener como premio a tu voluntad y paciencia, el tesoro del conocimiento que trae consigo sabiduría, a la que le sigue la maravillosa levedad de vivir.'),
(63, 'Meditacion_63', 'Meditacion_63', 'meditations/meditacion_63/meditacion_63.mp3', ''),
(16, 'Meditacion_16', 'Meditacion_16', 'meditations/meditacion_16/meditacion_16.mp3', 'Cuando aprendemos a soltarnos y liberarnos de nuestro propio ser, llegan las llaves que abren las puertas de la libertad; entonces hay renacimiento, verdad, luz para ver lo que antes no veíamos. Vivir en desapego implica altas dosis de creatividad en todo momento, mas soltándola y, sí, experimentandola. \r\n\r\nVivir por la alegría de vivir, sin considerar que existe bueno y malo, correcto e incorrecto, feo y bonito.\r\nDesapegarse en conocer a Dios en todo, y al conocerlo, se abren las maravillosas puertas del amor, que siempre está aconteciendo en la libertad del desapego.'),
(72, 'Meditacion_72', 'Meditacion_72', 'meditations/meditacion_72/meditacion_72.mp3', ''),
(26, 'Meditacion_26', 'Meditacion_26', 'meditations/meditacion_26/meditacion_26.mp3', 'A lo largo de nuestra vida se nos presentan algunas situaciones que nos resistimos a aceptar.  Cada una trae consigo la gran oportunidad de conocer un aspecto  propio, pues nos enseñan a descubrir dentro de nosotros mismos esas maravillas que nos impulsarán a conquistarnos, y por ende, conquistar cualquier situación externa.\r\n \r\nPrecisamos prestar atención a aquellos sucesos que tienden a repetirse y que no nos gusta vivir, hacer una introspección  de cómo vienen a ayudarnos en nuestro proceso.  Quizás vengan a enseñarnos de paciencia, perseverancia, claridad, bondad y otros muchos aspectos que nos permiten sentirnos conectados a la Fuente Divina y Sabia que reside en nuestro interior.\r\n \r\nLa quietud, la contemplación y la meditación nos pueden ayudar en este camino, son herramientas que podemos utilizar en cualquier momento para nuestro Bienestar y Paz Interior.\r\n \r\nEn todo suceso se encierra un mensaje divino, todo viene a ayudarnos de manera perfecta, todas las personas y cosas son mensajeros del Amor. Sólo necesitamos permanecer en estado de alerta, disfrutando el presente, para ver las soluciones a cada situación de cualquier área de nuestra vida.'),
(54, 'Meditacion_54', 'Meditacion_54', 'meditations/meditacion_54/meditacion_54.mp3', 'Que tu dedo acusador, cargado con tanta energía de culpa y victimismo, deje de señalar hacia tu pecho y abra toda tu mano para recibir lo que la vida trae. El merecimiento no es un esfuerzo, es simplemente abrirte a recibir. Observa lo que das con los ojos contemplativos de tu alma, y ábrete a recibir en igual medida; desde allí, saca la pauta para aquellos momentos donde eres tú quién determina el recibir, tales como cobrar por un servicio o producto.\r\n \r\nEl merecer es el recibir el amor que se manifiesta de múltiples maneras, materiales e inmateriales. Y cuando das, nutres el flujo del merecimiento de otro ser, haciendo que la infinita abundancia siempre ocurra en igual medida para todos.'),
(14, 'Meditacion_14', 'Meditacion_14', 'meditations/meditacion_14/meditacion_14.mp3', 'Todos los caminos conducen a la misma meta; las actitudes y decisiones de nuestro prójimo no son más que senderos que toma desde su propia experiencia de vida, convencido pues de que es el mejor camino para llegar al destino. ¿Y quién le podría decir, con absoluta certeza, que ha tomado el camino equivocado o incorrecto, si no se sabe con precisión cual será la cosecha, no sólo para él sino para el mundo entero? Por ello, dediquemos a nosotros mismos, observando nuestro andar y dejando que los demás construyan sus propios senderos, entonces la paz nos sucederá y será fiel visitante a nuestra mente, cuerpo y Alma.\r\n\r\nTen presente durante tu día el concepto anterior, procura observar como todas las personas eligen sus actitudes, procurando ver la historia detrás de cada rostro.'),
(64, 'Meditacion_64', 'Meditacion_64', 'meditations/meditacion_64/meditacion_64.mp3', '¿Quién o qué unirá lo que está separado? El amor, el simple vivir del ahora, el liberar los apegos a cualquier tipo de objeto, persona o situación. El desapego implica des identificación, la des identificación implica morir a quién creemos ser, morir a nosotros implica renunciar a nuestros ideales y más grandes sueños, en otras palabras, no desear mas y vivir el ya. La simpleza del amor es la unión a nuestra esencia sagrada libre de cualquier apego o atadura, es la libertad de crear el momento como venga y como surja, es sentir la simpleza y magnificencia de este momento.\r\n\r\nSufrimos porque estamos apegados a nosotros mismos, y esto nos hace apegarnos a nuestras ideas, de allí que las defendemos como fieros guerreros de un tesoro, mas ese tesoro no es más que monedas de cobre pintadas de color oro. Cuando aprendemos a soltarnos y liberarnos de nuestro propio ser, llegan las llaves que abren las puertas de la Libertad, entonces hay renacimiento, verdad, luz para ver lo que antes no veíamos.\r\n \r\nVivir en desapego implica altas dosis de creatividad en todo momento, mas soltándola y sí experimentándola; vivir por la alegría de vivir, sin considerar que existe bueno y malo, correcto e incorrecto, feo y bonito; desapegarse es conocer a Dios en todo, y al conocerlo se abren las maravillosas puertas del amor, que siempre está aconteciendo en la libertad del desapego.'),
(38, 'Meditacion_38', 'Meditacion_38', 'meditations/meditacion_38/meditacion_38.mp3', ''),
(2, 'Meditacion_02', 'Meditacion_02', 'meditations/meditacion_02/meditacion_02.mp3', 'Empieza a creer en ti mismo para que puedas ver el milagro de la vida fluir en tu mundo exterior, trayendo consigo abundancia, alegría y profunda paz.\r\n\r\nLo único que puede vencer tus miedos es la espada de la autoconfianza, la cual se forja en los talleres de la experiencia con el fuego del autoconocimiento.\r\n\r\nTus miedos son pensamientos limitados, basados en una autodefinición “muy pobre” de ti mismo. Al vivir con plena conciencia de que cada suceso trae el tesoro del autoconocimiento tomándote el espacio para incorporarlo a tu entendimiento, eliminarás la limitación de ti mismo y le abrirás la puerta a cientos de realidades insospechadas hasta entonces.\r\n\r\nEl verdadero milagro en tu vida ocurre cuando descubres quién eres, el sendero para lograrlo es el autoconocimiento.'),
(3, 'Meditacion_03', 'Meditacion_03', 'meditations/meditacion_03/meditacion_03.mp3', 'Si estás sumido en las emociones que hacen que tu cuerpo se perturbe a través de pensamientos y creencias profundas de limitación, vive este momento tal y como está sucediendo aceptando la emoción que sientes: “acepto que estoy enojado, malgeniado, triste, preocupado”, luego aquiétate entrando en el ahora a través del flujo vital de la respiración, permitiendo que esa energía se disuelva poco a poco, y finalmente, como producto de esa quietud meditativa, toma acciones desde tu paz, confiando y soltando.\r\n\r\nDate cuenta de que tu vida es un viento que quiere ser lo que es: libre. Esto sólo será posible cuando te rindas a tomar el control total de tus situaciones, soltando los deseos de que aquellos involucrados en ellas piensen y actúen como a ti te parece que deben de actuar.\r\n\r\nEs momento de avanzar, y es ahora cuando tienes dos posibles elecciones, quedarte en el viejo ciclo o cerrarlo para crear uno nuevo. En la quietud de tu ser encontrarás la fuerza y la claridad para crear nuevos momentos, desde expansivos y amorosos pensamientos.'),
(5, 'Meditacion_05', 'Meditacion_05', 'meditations/meditacion_05/meditacion_05.mp3', 'Se te ha entregado el don divino de la expresión verbal, has de saberlo utilizar para expandir vibraciones de amor en tu entorno, has de refrenar tu lengua para que no te ufanes ni te eleves por encima de los demás.\r\n\r\nEl poder de tus palabras es muy poderoso, con ellas podrías crear fraterna paz en la humanidad, como también guerras de proporciones galácticas. \r\nNo hables sin necesidad ni utilidad para nadie. Que tu lengua se mueva sólo para hablar la verdad que integra. Mantenla en quietud el mayor tiempo posible para que el prudente silencio aclare tu entendimiento.\r\n\r\nTus palabras son sagradas, tanto como lo son tus pensamientos, aprende a utilizarlas en pro de reencontrarte siempre con una verdad interior que te permita discernir cuando es momento de hablar y cuando es preciso callar en silencio contemplativo. \r\nEn el silencio está la voz del Espíritu, aquella esencia de esclarecimiento que te permitirá proceder con sabiduría en cualquier momento. Procura ser consciente de tus palabras, y poco a poco empodérate de ellas a fin de que cuando emerjan, se expandan como sutil brisa que lleva refrescante nobleza, fraternidad, belleza.');

-- --------------------------------------------------------

--
-- Estructura de tabla para la tabla `metales`
--

CREATE TABLE `metales` (
  `id_metal` int(11) NOT NULL,
  `metal_es` text NOT NULL,
  `metal_en` text NOT NULL
) ENGINE=MyISAM DEFAULT CHARSET=latin1;

--
-- Volcado de datos para la tabla `metales`
--

INSERT INTO `metales` (`id_metal`, `metal_es`, `metal_en`) VALUES
(1, 'Oro', 'Gold'),
(2, 'Plata', 'Silver'),
(3, 'Mercurio ó Azogue', 'Mercury or Quicksilver'),
(4, 'Cobre', 'Copper'),
(5, 'Hierro', 'Iron'),
(6, 'Estaño', 'Tin'),
(7, 'Plomo', 'Lead');

-- --------------------------------------------------------

--
-- Estructura de tabla para la tabla `nombres_dios`
--

CREATE TABLE `nombres_dios` (
  `id_nombre_dios` int(11) NOT NULL,
  `id_proposito` int(11) NOT NULL,
  `id_salmo` int(11) NOT NULL,
  `id_angel` int(11) NOT NULL,
  `id_combinacion` int(11) NOT NULL,
  `id_meditacion` int(11) NOT NULL,
  `nombre_dios_es` text NOT NULL,
  `nombre_dios_en` text NOT NULL,
  `simbolo` text NOT NULL
) ENGINE=MyISAM DEFAULT CHARSET=latin1;

--
-- Volcado de datos para la tabla `nombres_dios`
--

INSERT INTO `nombres_dios` (`id_nombre_dios`, `id_proposito`, `id_salmo`, `id_angel`, `id_combinacion`, `id_meditacion`, `nombre_dios_es`, `nombre_dios_en`, `simbolo`) VALUES
(1, 1, 1, 1, 1, 1, 'Vav Hei Vav', ' ', ' '),
(2, 2, 2, 2, 2, 2, 'Yud Lamed Yud', ' ', ' '),
(3, 3, 3, 3, 3, 3, 'Samech Yud Tet', ' ', ' '),
(4, 4, 4, 4, 4, 4, 'Ayin Lamed Mem', ' ', ' '),
(5, 5, 5, 5, 5, 5, 'Mem Hei Shin', ' ', ' '),
(6, 6, 6, 6, 6, 6, 'Lamed Lamed Hei', ' ', ' '),
(7, 7, 7, 7, 7, 7, 'Alef Caf Alef', ' ', ' '),
(8, 8, 8, 8, 8, 8, 'Kaf Hei Tav', ' ', ' '),
(9, 9, 9, 9, 9, 9, 'Hei Zayin Yod', ' ', ' '),
(10, 10, 10, 10, 10, 10, 'Alef Lamed Dalet', ' ', ' '),
(11, 11, 11, 11, 11, 11, 'Lamed Alef Vav', ' ', ' '),
(12, 12, 12, 12, 12, 12, 'Hei Hei Ayin', ' ', ' '),
(13, 13, 13, 13, 13, 13, 'yod zayin lamed', ' ', ' '),
(14, 14, 14, 14, 14, 14, 'Mem Bet Hei', ' ', ' '),
(15, 15, 15, 15, 15, 15, 'hei resh yod', ' ', ' '),
(16, 16, 16, 16, 16, 16, 'Hei Kof Mem', ' ', ' '),
(17, 17, 17, 17, 17, 17, 'Lamed Alef Vav', ' ', ' '),
(18, 18, 18, 18, 18, 18, 'Caf  Lamed Yod', ' ', ' '),
(19, 19, 19, 19, 19, 19, 'Lamed Vav Vav ', ' ', ' '),
(20, 20, 20, 20, 20, 20, 'Pei Hei Lamed', ' ', ' '),
(21, 21, 21, 21, 21, 21, 'Nun Lamed Kaf', ' ', ' '),
(22, 22, 22, 22, 22, 22, 'Yod Yod Yod', ' ', ' '),
(23, 23, 23, 23, 23, 23, 'Mem Lamed Hei', ' ', ' '),
(24, 24, 24, 24, 24, 24, 'Chet Hey Vav', ' ', ' '),
(25, 25, 25, 25, 25, 25, 'Nun Tav Hei', ' ', ' '),
(26, 26, 26, 26, 26, 26, 'Hei Alef Alef ', ' ', ' '),
(27, 27, 27, 27, 27, 27, 'yod resh tav', ' ', ' '),
(28, 28, 28, 28, 28, 28, 'Shin Alef Hey', ' ', ' '),
(29, 29, 29, 29, 29, 29, 'Resh Yod Yod', ' ', ' '),
(30, 30, 30, 30, 30, 30, 'Alef Vav Mem ', ' ', ' '),
(31, 31, 31, 31, 31, 31, 'lamed caf bet', ' ', ' '),
(32, 32, 32, 32, 32, 32, 'Vav Shin Resh', ' ', ' '),
(33, 33, 33, 33, 33, 33, 'yod chet vav', ' ', ' '),
(34, 34, 34, 34, 34, 34, 'Lamed Hei Chet', ' ', ' '),
(35, 35, 35, 35, 35, 35, 'Caf Vav Kof', ' ', ' '),
(36, 36, 36, 36, 36, 36, 'mem nun dalet', ' ', ' '),
(37, 37, 37, 37, 37, 37, 'Alef Nun Yod', ' ', ' '),
(38, 38, 38, 38, 38, 38, 'Chet Ayin Mem ', ' ', ' '),
(39, 39, 39, 39, 39, 39, 'resh hei ayin', ' ', ' '),
(40, 40, 40, 40, 40, 40, 'Yod Yod Zain', ' ', ' '),
(41, 41, 41, 41, 41, 41, 'Hei Hei Hei', ' ', ' '),
(42, 42, 42, 42, 42, 42, 'Mem Yod Caf', ' ', ' '),
(43, 43, 43, 43, 43, 43, 'Vav Vav Lamed', ' ', ' '),
(44, 44, 44, 44, 44, 44, 'Yod Lamed Hei', ' ', ' '),
(45, 45, 45, 45, 45, 45, 'Samech Alef Lamed', ' ', ' '),
(46, 46, 46, 46, 46, 46, 'Ayin resh yod', ' ', ' '),
(47, 47, 47, 47, 47, 47, 'Ayin Shin Lamed', ' ', ' '),
(48, 48, 48, 48, 48, 48, 'Mem Yod Hei', ' ', ' '),
(49, 49, 49, 49, 49, 49, 'Vav Hei Vav', ' ', ' '),
(50, 50, 50, 50, 50, 50, 'Dalet nun yod', ' ', ' '),
(51, 51, 51, 51, 51, 51, 'Hei Chet Shin', ' ', ' '),
(52, 52, 52, 52, 52, 52, 'Ayin Mem Mem', ' ', ' '),
(53, 53, 53, 53, 53, 53, 'Nun Nun Alef', ' ', ' '),
(54, 54, 54, 54, 54, 54, 'Nun Yod Tav', ' ', ' '),
(55, 55, 55, 55, 55, 55, 'Mem Bet Hei ', ' ', ' '),
(56, 56, 56, 56, 56, 56, 'Pei Vav Yod', ' ', ' '),
(57, 57, 57, 57, 57, 57, 'Nun Mem Mem', ' ', ' '),
(58, 58, 58, 58, 58, 58, 'Yod Yod Lamed', ' ', ' '),
(59, 59, 59, 59, 59, 59, 'Hey Resh Chet', ' ', ' '),
(60, 60, 60, 60, 60, 60, 'Mem Tzadik Resh', ' ', ' '),
(61, 61, 61, 61, 61, 61, 'Vav Mem Bet', ' ', ' '),
(62, 62, 62, 62, 62, 62, 'Yod Hei Hei', ' ', ' '),
(63, 63, 63, 63, 63, 63, 'Ain Nun Vav', ' ', ' '),
(64, 64, 64, 64, 64, 64, 'Mem Chet Yod', ' ', ' '),
(65, 65, 65, 65, 65, 65, 'Dalet Mem Bet', ' ', ' '),
(66, 66, 66, 66, 66, 66, 'Mem Nun Kof', ' ', ' '),
(67, 67, 67, 67, 67, 67, 'Alef Yod Ain', ' ', ' '),
(68, 68, 68, 68, 68, 68, 'Chet Bet Vav', ' ', ' '),
(69, 69, 69, 69, 69, 69, 'Resh Alef Hey', ' ', ' '),
(70, 70, 70, 70, 70, 70, 'Yud Bet Mem', ' ', ' '),
(71, 71, 71, 71, 71, 71, 'Hey Yod Yod', ' ', ' '),
(72, 72, 72, 72, 72, 72, 'Mem Vav Mem', ' ', ' ');

-- --------------------------------------------------------

--
-- Estructura de tabla para la tabla `origen_recursos`
--

CREATE TABLE `origen_recursos` (
  `id_origen_recursos` int(11) NOT NULL,
  `origen_recursos` text NOT NULL
) ENGINE=MyISAM DEFAULT CHARSET=latin1;

--
-- Volcado de datos para la tabla `origen_recursos`
--

INSERT INTO `origen_recursos` (`id_origen_recursos`, `origen_recursos`) VALUES
(1, 'InLife\r'),
(2, 'Otros');

-- --------------------------------------------------------

--
-- Estructura de tabla para la tabla `pagos_personas`
--

CREATE TABLE `pagos_personas` (
  `id_pago_persona` int(11) NOT NULL,
  `id_persona` int(11) NOT NULL,
  `mapa_del_ser` int(11) NOT NULL,
  `reto_primordial` int(11) NOT NULL
) ENGINE=InnoDB DEFAULT CHARSET=latin1;

--
-- Volcado de datos para la tabla `pagos_personas`
--

INSERT INTO `pagos_personas` (`id_pago_persona`, `id_persona`, `mapa_del_ser`, `reto_primordial`) VALUES
(1, 4, 1, 1);

-- --------------------------------------------------------

--
-- Estructura de tabla para la tabla `personas`
--

CREATE TABLE `personas` (
  `id_persona` int(11) NOT NULL,
  `nombre` text NOT NULL,
  `apellido` text NOT NULL,
  `fecha_nacimiento` text NOT NULL,
  `hora_nacimiento` text NOT NULL,
  `correo_electronico` text NOT NULL,
  `password` text NOT NULL,
  `pais_nacimiento` text NOT NULL,
  `depto_nacimiento` text NOT NULL,
  `ciudad_nacimiento` text NOT NULL,
  `foto` text NOT NULL,
  `token_registro` text NOT NULL,
  `lat` text NOT NULL,
  `lng` text NOT NULL,
  `telefono1` text NOT NULL,
  `telefono2` text NOT NULL
) ENGINE=MyISAM DEFAULT CHARSET=latin1;

--
-- Volcado de datos para la tabla `personas`
--

INSERT INTO `personas` (`id_persona`, `nombre`, `apellido`, `fecha_nacimiento`, `hora_nacimiento`, `correo_electronico`, `password`, `pais_nacimiento`, `depto_nacimiento`, `ciudad_nacimiento`, `foto`, `token_registro`, `lat`, `lng`, `telefono1`, `telefono2`) VALUES
(1, 'Jennifer', 'Bueno Gomez', '14.3.1982', '08:08:15', 'jenni.bueno82@hotmail.com', '123123', 'Colombia', 'Valle del Cauca', 'Cali', 'user_profile_1.png', '-1', '3.4516467', '-76.5319854', '3016250193', '5920205'),
(2, 'Angelica Maria', 'Caicedo Garcia', '18.1.1990', '07:45:00', 'angecaicedo_018@hotmail.com', 'angel', 'Colombia', 'Valle del Cauca', 'Cali', '', '-1', '3.4516467', '-76.5319854', '3117056411', '3155310'),
(3, 'Milena Andrea', 'Perez Martinez', '28.7.1980', '11:00:00', 'perez.milena@gmail.com', '123123', 'Colombia', 'Tolima', 'Ibagué', '', '-1', '4.444675999999999', '-75.24243799999999', '3003136327', '3135135206'),
(4, 'Sebastian Alfredo', 'Panesso Laverde', '27.5.1978', '10:00:00', 'spanesso@gmail.com', '123123', 'Colombia', 'Valle del Cauca', 'Cali', '', '-1', '3.4516467', '-76.5319854', '3137667919', '2681009'),
(5, 'Angela Maria', 'Gavalan Ramirez', '16.1.1990', '16:45:00', 'anra_90@hotmail.com', '123123', 'Colombia', 'Valle del Cauca', 'Cali', '', '-1', '3.4516467', '-76.5319854', '3128911803', '3657510'),
(6, 'Angelica Maria', 'Arrieta Illo', '14.5.1983', '10:00:00', 'amai8341@gmail.com', '123123', 'Colombia', 'Cauca', 'Caloto', '', '-1', '3.033544', '-76.40808099999998', '3117823338', ''),
(7, 'Paula del Mar', 'Ortiz Gomez', '8.4.1991', '16:30:00', 'pauladelmar91@gmail.com', '123123', 'Colombia', 'Valle del Cauca', 'Cali', '', '-1', '3.4516467', '-76.5319854', '3128348833', '8920235'),
(8, 'Jacmileth', 'Escarria Diaz', '23.6.1987', '18:50:00', 'yaesca@gmail.com', '123123', 'Colombia', 'Valle del Cauca', 'Cali', '', '-1', '3.4516467', '-76.5319854', '3016255682', '3702915'),
(9, 'Yulie', 'Lozada Gallego', '8.7.1986', '6:00:00', 'yulielozada@gmail.com', '123123', 'Colombia', 'Valle del Cauca', 'Cali', '', '-1', '3.4516467', '-76.5319854', '3104148590', '3104148590'),
(10, 'Estiven', 'Valencia', '26.3.1983', '16:00:00', 'estiven07@yahoo.com', '123123', 'Colombia', 'Valle del Cauca', 'Palmira', '', '-1', '3.532013', '-76.29542500000002', '3166910836', ''),
(11, 'Alejandra', 'Garcia Lopez', '23.3.1990', '16:52:00', 'aleja90323@gmail.com', '123123', 'Colombia', 'Valle del Cauca', 'Cali', '', '-1', '3.4516467', '-76.5319854', '3195137831', '4874027'),
(12, 'John Jairo', 'Lozano Ospina', '20.12.1983', '20:45:00', 'j.lozano8320@gmail.com', '123123', 'Colombia', 'Valle del Cauca', 'Cali', '', '-1', '3.4516467', '-76.5319854', '3195478721', '3829098'),
(13, 'Paulina', 'Gomez de Bueno', '3.10.1955', '12:10:00', 'paulinagomez55@hotmail.com', '123123', 'Colombia', 'Valle del Cauca', 'Cali', '', '-1', '3.4516467', '-76.5319854', '3185145246', '5923951'),
(14, 'Isabel Cristina', 'Cardona Quiroz', '10.7.1981', '24:00:00', 'icristinac.icc@gmail.com ', '123123', 'Colombia', 'Bogotá', 'Bogotá', '', '-1', '4.710988599999999', '-74.072092', '3016429908', ''),
(15, 'Jorge Andres', 'Salamanca Garcia', '31.8.1979', '5:00:00', 'jasg171@hotmail.com', '123123', 'Colombia', 'Valle del Cauca', 'Palmira', '', '-1', '3.532013', '-76.29542500000002', '', ''),
(16, 'Angela', 'Zuniga', '27.5.1985', '3:12:00', 'catiuscaphoto@gmail.com', '123123', 'Colombia', 'Valle del Cauca', 'Cali', '', '-1', '3.4516467', '-76.5319854', '3013217724', '323853578'),
(17, 'Hanny Alexandra', 'Rodriguez', '4.2.1987', '16:30:00', 'hannyvre@gmail.com', '123123', 'Colombia', 'Valle del Cauca', 'Cali', '', '-1', '3.4516467', '-76.5319854', '3218304242', ''),
(18, 'Paola', 'Lavado', '8.6.1982', '04:20:00', 'paolav99@yahoo.com', '123123', 'Colombia', 'Valle del Cauca', 'Cali', '', '-1', '3.4516467', '-76.5319854', '3135691232', ''),
(19, 'Leydi ', 'Mora', '13.11.1983', '5:00:00', 'zuliemusic@gmail.com', '1234', 'Colombia', 'Valle del Cauca', 'Buenaventura', '', '572ae783e8f86', '3.890551', '-77.07886400000001', '', '');

-- --------------------------------------------------------

--
-- Estructura de tabla para la tabla `piedras`
--

CREATE TABLE `piedras` (
  `id_piedra` int(11) NOT NULL,
  `nombre_piedra_es` text NOT NULL,
  `nombre_piedra_en` text NOT NULL
) ENGINE=MyISAM DEFAULT CHARSET=latin1;

--
-- Volcado de datos para la tabla `piedras`
--

INSERT INTO `piedras` (`id_piedra`, `nombre_piedra_es`, `nombre_piedra_en`) VALUES
(1, 'Rubi', 'Ruby\r'),
(2, 'Esmeralda', 'Emerald\r'),
(3, 'Agata', 'Agate\r'),
(4, 'Sárdica', 'Sárdica\r'),
(5, 'Crisólito', 'Chrysolite\r'),
(6, 'Berilo', 'Beryl\r'),
(7, 'Zafiro', 'Sapphire\r'),
(8, 'Carbucio', 'Carbucio\r'),
(9, 'Topacio', 'Topaz\r'),
(10, 'Onix', 'Onyx\r'),
(11, 'Amatista', 'Amethyst\r'),
(12, 'Jaspe', 'Jasper');

-- --------------------------------------------------------

--
-- Estructura de tabla para la tabla `planetas`
--

CREATE TABLE `planetas` (
  `id_planeta` int(11) NOT NULL,
  `id_metal` int(11) NOT NULL,
  `planeta_es` text NOT NULL,
  `planeta_en` text NOT NULL,
  `id_color_planeta` int(11) NOT NULL
) ENGINE=MyISAM DEFAULT CHARSET=latin1;

--
-- Volcado de datos para la tabla `planetas`
--

INSERT INTO `planetas` (`id_planeta`, `id_metal`, `planeta_es`, `planeta_en`, `id_color_planeta`) VALUES
(1, 1, 'Sol', 'Sun\r', 1),
(2, 2, 'Luna', 'Moon\r', 2),
(3, 3, 'Mercurio', 'Mercury\r', 0),
(4, 4, 'Venus', 'Venus\r', 0),
(5, 5, 'Marte', 'Mars\r', 0),
(6, 6, 'Jupiter', 'Jupiter\r', 0),
(7, 7, 'Saturno', 'Saturn', 0),
(8, 7, 'Urano', 'Uranus', 0),
(9, 7, 'Neptuno', 'Neptune', 0),
(10, 7, 'Pluton', 'Pluto', 0),
(11, 7, 'Nodo Norte', 'Node North', 0),
(12, 7, 'Rueda Fortuna', 'Wheel Fortune', 0);

-- --------------------------------------------------------

--
-- Estructura de tabla para la tabla `planetas_personas`
--

CREATE TABLE `planetas_personas` (
  `id_planeta_persona` int(11) NOT NULL,
  `id_persona` int(11) NOT NULL,
  `id_planeta` int(11) NOT NULL,
  `id_signo_zodiacal` int(11) NOT NULL,
  `longitud` text NOT NULL,
  `latitud` text NOT NULL,
  `zodiac_sign_position` text NOT NULL,
  `declination` text NOT NULL,
  `meridian_distance` text NOT NULL,
  `ascencional_difference` text NOT NULL,
  `semi_arc` text NOT NULL,
  `meridian_oblique_distance` text NOT NULL,
  `ascension_oblique` text NOT NULL,
  `asntiscio` text NOT NULL,
  `right_ascension` text NOT NULL
) ENGINE=MyISAM DEFAULT CHARSET=latin1;

--
-- Volcado de datos para la tabla `planetas_personas`
--

INSERT INTO `planetas_personas` (`id_planeta_persona`, `id_persona`, `id_planeta`, `id_signo_zodiacal`, `longitud`, `latitud`, `zodiac_sign_position`, `declination`, `meridian_distance`, `ascencional_difference`, `semi_arc`, `meridian_oblique_distance`, `ascension_oblique`, `asntiscio`, `right_ascension`) VALUES
(1, 1, 1, 12, '353.4160780', '0.0000786', '23.416078027778', '-2.6141812', '43.1940468', '0.1577855654172', '89.842214434583', '43.269906429461', '353.87935234426', '186.583922', '353.9552119'),
(2, 1, 2, 8, '226.4418779', '4.5505711', '16.441877916667', '-12.3908025', '8.1583756', '0.75925380369444', '89.240746196306', '8.2277864685806', '225.37704315413', '313.5581221', '225.3076343'),
(3, 1, 3, 12, '330.7934653', '-1.9943078', '0.79346533333333', '-13.0571265', '63.5777733', '0.80149707726562', '89.198502922734', '64.149054182631', '333.00021368389', '209.2065347', '333.5714854'),
(4, 1, 4, 11, '308.5191408', '3.5499921', '8.51914075', '-14.7045627', '87.1611429', '0.90695160850479', '89.093048391495', '88.048428049397', '309.1008322403', '231.4808592', '309.9881158'),
(5, 1, 5, 7, '196.2335304', '3.2366273', '16.233530416667', '-3.3955925', '20.9473953', '0.2050476923807', '89.794952307619', '20.995228891502', '196.24969689495', '343.7664696', '196.2018634'),
(6, 1, 6, 8, '219.8197917', '1.3999948', '9.8197917222222', '-13.4296697', '0.7194758', '0.8252143079928', '89.174785692007', '0.7261337551586', '217.87539222499', '320.1802083', '217.8687345'),
(7, 1, 7, 7, '200.7900924', '2.7268335', '20.790092361111', '-5.5889285', '16.9154157', '0.33817470052462', '89.661825299475', '16.97921504403', '200.29764198679', '339.2099076', '200.2338430'),
(8, 1, 8, 9, '244.6165278', '0.1667014', '', '-20.8993975', '25.537038', '1.3197275612794', '88.680272438721', '25.917076671006', '243.06630455321', '295.3834722', '242.6862967'),
(9, 1, 9, 9, '266.9779273', '1.2828484', '26.977927333333', '-22.1238697', '49.5890421', '1.4050845738368', '88.594915426163', '50.375507076584', '267.52471164115', '273.0220727', '266.7383008'),
(10, 1, 10, 7, '206.4017804', '17.5513765', '26.401780361111', '6.2011606', '6.3567469', '0.37549661049229', '89.624503389508', '6.3833795375537', '210.81914424787', '333.5982196', '210.7925118'),
(11, 1, 11, 4, '109.3540291', '0.0000000', '19.354029083333', '22.0442828', '73.8001049', '1.3994923360169', '88.600507663983', '74.965816970144', '109.78368702693', '70.6459709', '110.9493636'),
(12, 1, 12, 1, '176.6503319', '3.4516467', '0', '1.3318703953221', '40.223034845412', '0.080347037347987', '89.919652962652', '40.258975839138', '176.89028287028', '-146.6503319', '176.92622385459'),
(13, 2, 1, 10, '297.9523786', '-0.0001644', '27.952378611111', '-20.5740656', '37.1346894', '1.2972863593971', '88.702713640603', '37.677788072429', '299.50134159919', '242.0476214', '300.0444020'),
(14, 2, 2, 7, '201.8160539', '-4.7751666', '21.816053916667', '-12.9267538', '41.159191', '0.79321417773299', '89.206785822267', '41.525172730474', '198.70425492836', '338.1839461', '198.3382824'),
(15, 2, 3, 10, '279.9467086', '3.1429750', '9.9467086388889', '-19.9350832', '56.6074017', '1.2534862568847', '88.746513743115', '57.406944094131', '279.77218513878', '260.0532914', '280.5716897'),
(16, 2, 4, 10, '298.9698309', '5.9969584', '28.969830888889', '-14.4947683', '37.3420624', '0.89343752581058', '89.106562474189', '37.716477021246', '299.46262688752', '241.0301691', '299.8370290'),
(17, 2, 5, 9, '261.9213211', '-0.2254011', '21.921321138889', '-23.4210444', '75.9886064', '1.4971480546612', '88.502851945339', '77.274058696141', '262.47589884529', '278.0786789', '261.1904850'),
(18, 2, 6, 4, '93.0427080', '-0.0757828', '3.0427079722222', '23.3316055', '63.8651306', '1.4907434051064', '88.509256594894', '64.940798003851', '92.23835157826', '86.957292', '93.3139608'),
(19, 2, 7, 10, '287.6463462', '0.2736587', '17.646346194444', '-22.0070696', '48.0946989', '1.3968796842018', '88.603120315798', '48.852939778784', '288.32620460694', '252.3536538', '289.0843925'),
(20, 2, 8, 10, '276.7754544', '-0.2732740', '6.7754543888889', '-23.5419080', '59.7852976', '1.5058168115811', '88.494183188419', '60.802604082391', '276.37655098457', '263.2245456', '277.3937938'),
(21, 2, 9, 10, '282.6702423', '0.8456242', '12.670242333333', '-21.9969103', '53.4970057', '1.3961666624192', '88.603833337581', '54.339979791347', '282.8391646244', '257.3297577', '283.6820857'),
(22, 2, 10, 8, '227.4834010', '15.3993940', '17.483401027778', '-2.2394229', '72.1253832', '0.13514104520811', '89.864858954792', '72.233847173405', '229.41293853762', '312.516599', '229.3044746'),
(23, 2, 11, 11, '317.5443046', '0.0000000', '17.544304611111', '-15.5774646', '17.1889709', '0.96346497129814', '89.036535028702', '17.374972874914', '319.80412696413', '222.4556954', '319.9901205'),
(24, 2, 12, 1, '151.4675129', '3.4516467', '0', '10.954227018304', '3.6897642376908', '0.66889547515482', '89.331104524845', '3.7173925382263', '153.46169948829', '-121.4675129', '153.48932716231'),
(25, 3, 1, 5, '125.5036624', '0.0000343', '5.5036623888889', '18.8946165', '88.1539416', '1.5245249928342', '88.475475007166', '89.672926235857', '126.34802836489', '54.4963376', '127.8670117'),
(26, 3, 2, 11, '314.3635701', '0.5366118', '14.363570083333', '-16.0083901', '79.3533136', '1.2778647828997', '88.7221352171', '80.496239258943', '315.52473299866', '225.6364299', '316.6676397'),
(27, 3, 3, 4, '106.8344595', '-2.7668527', '16.834459527778', '19.6336975', '71.8651743', '1.5890160599049', '88.410983940095', '73.156811504128', '106.59454658182', '73.1655405', '107.8861276'),
(28, 3, 4, 3, '83.5627049', '-4.8285624', '23.562704888889', '18.4601827', '47.2151483', '1.4868843046998', '88.5131156953', '48.008290224786', '84.029179828327', '96.4372951', '83.2361016'),
(29, 3, 5, 7, '190.2056463', '0.0926679', '10.205646305556', '-3.9563346', '26.6054168', '0.30801791871963', '89.69198208128', '26.696784444234', '189.50690374286', '349.7943537', '189.4155365'),
(30, 3, 6, 6, '160.9391234', '1.0477374', '10.939123361111', '8.4334403', '53.2081668', '0.66032322508688', '89.339676774913', '53.60143650469', '162.41952241318', '-130.9391234', '162.8127865'),
(31, 3, 7, 6, '173.7062731', '2.1062017', '23.706273055556', '4.4332112', '40.9630833', '0.34528586188163', '89.654714138118', '41.120843811074', '174.90011024449', '-143.7062731', '175.0578700'),
(32, 3, 8, 8, '231.5011457', '0.2621128', '21.501145722222', '-17.8853974', '13.1273372', '1.4373752536086', '88.562624746391', '13.340394454018', '229.36132589751', '308.4988543', '229.1482905'),
(33, 3, 9, 9, '260.2090749', '1.3907186', '20.209074944444', '-21.6914475', '43.4368817', '1.7718203027605', '88.228179697239', '44.30919198849', '260.3300399498', '279.7909251', '259.4578350'),
(34, 3, 10, 7, '199.2130643', '16.9865705', '19.213064305556', '8.2125824', '11.8687793', '0.64278732012374', '89.357212679876', '11.954156860586', '204.23754980125', '340.7869357', '204.1521740'),
(35, 3, 11, 5, '140.8040299', '0.0000000', '20.804029861111', '14.5597768', '72.8236863', '1.1568198494161', '88.843180150584', '73.771917618112', '142.2490568224', '39.1959701', '143.1972670'),
(36, 3, 12, 1, '314.0563483', '4.444675999999999', '0', '16.610890229821', '79.498169732796', '1.3287206288682', '88.671279371132', '80.689433226797', '315.33154102635', '225.9436517', '316.5227835672'),
(37, 4, 1, 3, '65.7579826', '0.0001127', '5.7579826111111', '21.2663700', '74.2163258', '1.3451585084399', '88.65484149156', '75.342408938105', '64.984238982006', '114.2420174', '63.8581868'),
(38, 4, 2, 11, '313.1755078', '3.9330607', '13.175507805556', '-13.0893717', '3.5806375', '0.80354704234615', '89.196452957654', '3.6128945077333', '314.46161914798', '226.8244922', '314.4938751'),
(39, 4, 3, 2, '46.6130253', '-2.1005576', '16.613025277778', '14.7887041', '86.6922229', '0.9123789412142', '89.087621058786', '87.580069691742', '45.65458030086', '133.3869747', '44.7667355'),
(40, 4, 4, 4, '96.3988635', '1.6251637', '6.3988635', '24.9079836', '41.0190938', '1.6049372957615', '88.395062704239', '41.763853421906', '96.310735603121', '83.6011365', '97.0554188'),
(41, 4, 5, 5, '140.6132482', '1.5191471', '20.613248194444', '16.0601288', '5.438', '0.99491890502184', '89.005081094978', '5.4987871925844', '143.45172845083', '39.3867518', '143.5125126'),
(42, 4, 6, 4, '98.1587779', '0.0775688', '8.1587779444444', '23.2656382', '39.1879716', '1.4860250758046', '88.513974924195', '39.845882495058', '98.22868940891', '81.8412221', '98.8865410'),
(43, 4, 7, 5, '144.5365185', '1.4816061', '24.536518555556', '14.7398256', '9.2688917', '0.90922564293171', '89.090774357068', '9.3634863881259', '147.24881353907', '35.4634815', '147.3434043'),
(44, 4, 8, 8, '223.4840361', '0.3981101', '13.484036111111', '-15.5066984', '83.0783249', '0.95886587272188', '89.041134127278', '83.972978492301', '222.04748568581', '316.5159639', '221.1528375'),
(45, 4, 9, 9, '257.2597169', '1.4950615', '17.259716861111', '-21.3408644', '61.7655436', '1.3503363740211', '88.649663625979', '62.706373567908', '257.24975414783', '282.7402831', '256.3089690'),
(46, 4, 10, 7, '194.1078871', '17.4570962', '14.107887055556', '10.5296498', '61.7026396', '0.64236332825511', '89.357636671745', '62.146200043314', '200.22070778162', '345.8921129', '199.7771522'),
(47, 4, 11, 7, '182.8013528', '0.0000000', '2.8013527777778', '-1.1139454', '44.4960001', '0.067196747759165', '89.932803252241', '44.529246995314', '182.60375958956', '357.1986472', '182.5705127'),
(48, 4, 12, 1, '299.0489073', '3.4516467', '0', '20.349180133525', '16.884609955122', '1.2818299303471', '88.718170069653', '17.128564472959', '300.94596774001', '240.9510927', '301.18990264488'),
(49, 5, 1, 10, '296.2979697', '-0.0001316', '26.297969694444', '-20.8948925', '7.7315478', '1.3194161465869', '88.680583853413', '7.846580071577', '298.19396511775', '243.7020303', '298.3089873'),
(50, 5, 2, 7, '182.2661519', '-3.7644588', '2.2661519166667', '-4.3548060', '70.0017953', '0.26317054594712', '89.736829454053', '70.207089055066', '180.78452827247', '357.7338481', '180.5792348'),
(51, 5, 3, 10, '280.5959225', '3.2968904', '10.5959225', '-19.7327329', '9.3309849', '1.2396902672742', '88.760309732726', '9.4613081401897', '281.1161414156', '259.4040775', '281.2464546'),
(52, 5, 4, 10, '299.9653902', '5.6667284', '29.965390194444', '-14.6179299', '10.330692', '0.90136795164392', '89.098632048356', '10.435202635832', '300.80362511707', '240.0346098', '300.9081315'),
(53, 5, 5, 9, '260.7623937', '-0.2061726', '20.762393722222', '-23.3262536', '30.6454283', '1.4903604341087', '88.509639565891', '31.161448182678', '260.44797986792', '279.2376063', '259.9320112'),
(54, 5, 6, 4, '93.2269455', '-0.0797658', '3.2269455277778', '23.3232645', '17.0629995', '1.4901465536938', '88.509853446306', '17.350271130339', '93.227199551127', '86.7730545', '93.5144400'),
(55, 5, 7, 10, '287.4554858', '0.2754805', '17.455485833333', '-22.0299665', '1.6974436', '1.3984870591933', '88.601512940807', '1.7242360647054', '288.85320609455', '252.5445142', '288.8799959'),
(56, 5, 8, 10, '276.6823268', '-0.2729196', '6.6823268055556', '-23.5462951', '13.2851166', '1.5061317694988', '88.493868230501', '13.511224200141', '277.06624075249', '263.3176732', '277.2923229'),
(57, 5, 9, 10, '282.6102197', '0.8456906', '12.610219694444', '-22.0024850', '6.9598033', '1.3965579052945', '88.603442094705', '7.0695029695402', '283.50794732556', '257.3897803', '283.6176362'),
(58, 5, 10, 8, '227.4521407', '15.3874030', '17.452140666667', '-2.2428643', '61.3052438', '0.13534893374085', '89.864651066259', '61.397578208275', '229.36453006236', '312.5478593', '229.2721957'),
(59, 5, 11, 11, '317.6303819', '0.0000000', '17.630381916667', '-15.5512235', '29.4977815', '0.96175919161464', '89.038240808385', '29.816405972275', '319.75660984835', '222.3696181', '320.0752210'),
(60, 5, 12, 1, '268.7973923', '3.4516467', '0', '23.436921709305', '21.888203804951', '1.4982859227874', '88.501714077213', '22.258759200154', '269.05975144167', '271.2026077', '268.68923569505'),
(61, 6, 1, 2, '53.0503456', '0.0000000', '23.050345638889', '18.5370620', '74.5186502', '1.0181971642786', '88.981802835721', '75.37134902045', '51.506353915078', '126.9496544', '50.6536685'),
(62, 6, 2, 3, '74.0775912', '-1.0173296', '14.077591194444', '21.4815136', '52.3159404', '1.1950176590216', '88.804982340978', '53.019937754409', '73.560342325398', '105.9224088', '72.8563783'),
(63, 6, 3, 2, '50.3520077', '-0.8308992', '20.352007694444', '17.0359142', '77.0299147', '0.93043751853048', '89.06956248147', '77.834583777621', '48.947064162003', '129.6479923', '48.1424040'),
(64, 6, 4, 4, '95.5523307', '2.5206267', '5.5523306944444', '25.8434029', '29.0067041', '1.4708445218078', '88.529155478192', '29.488628406075', '95.683737543067', '84.4476693', '96.1656146'),
(65, 6, 5, 2, '58.2333731', '0.2361734', '28.233373138889', '19.9987424', '69.2446123', '1.1051456220121', '88.894854377988', '70.10546505314', '56.788538160728', '121.7666269', '55.9277064'),
(66, 6, 6, 9, '247.7413335', '0.9246364', '7.7413335', '-20.6902799', '59.0540798', '1.1468409967905', '88.853159003209', '59.81629962991', '246.88043031393', '292.2586665', '246.1182389'),
(67, 6, 7, 7, '209.4723259', '2.7195758', '29.472325888889', '-8.7412942', '83.2055165', '0.46687673304484', '89.533123266955', '83.639397485018', '208.81171553031', '330.5276741', '208.3778352'),
(68, 6, 8, 9, '247.7061583', '0.1001280', '7.7061583333333', '-21.4982615', '59.2341256', '1.1960430098239', '88.803956990176', '60.031911692739', '246.73594702877', '292.2938417', '245.9381931'),
(69, 6, 9, 9, '268.7567764', '1.2642546', '28.756776388889', '-22.1714966', '36.5144987', '1.2374588956525', '88.762541104348', '37.023555681407', '269.16684410239', '271.2432236', '268.6578200'),
(70, 6, 10, 7, '207.4508780', '17.4981569', '27.450878055556', '5.7943479', '86.5409339', '0.30812327465163', '89.691876725348', '86.838232573172', '212.01055117425', '332.549122', '211.7132526'),
(71, 6, 11, 3, '86.7909410', '0.0000000', '26.790940944444', '23.4025932', '38.6693718', '1.3142381159409', '88.685761884059', '39.24241488222', '87.075949284695', '93.209059', '86.5029469'),
(72, 6, 12, 1, '59.3468761', '3.033544', '0', '20.012592341685', '68.033333589068', '1.1059770452951', '88.894022954705', '68.879771884506', '57.985401628883', '120.6531239', '57.138985110932'),
(73, 7, 1, 1, '18.3377720', '0.0000476', '18.337772027778', '7.1900153', '9.5119735', '0.43596501849316', '89.564034981507', '9.5582743137551', '16.960485372014', '161.662228', '16.9141850'),
(74, 7, 2, 11, '303.7716229', '0.8495076', '3.7716228611111', '-18.4844950', '61.5244497', '1.1553424732499', '88.84465752675', '62.324518177503', '305.07772154278', '236.2283771', '305.8777618'),
(75, 7, 3, 1, '28.1844024', '3.1003863', '28.184402361111', '13.7236128', '17.6385198', '0.84397966026927', '89.156020339731', '17.805491720592', '25.207697418724', '151.8155976', '25.0407313'),
(76, 7, 4, 2, '54.9004937', '1.1460102', '24.900493722222', '20.1059938', '44.8496812', '1.2651663321596', '88.73483366784', '45.489140410289', '52.891313219214', '125.0995063', '52.2518927'),
(77, 7, 5, 4, '93.0150024', '1.8732831', '3.0150023888889', '25.2800002', '85.9306732', '1.632307758578', '88.367692241422', '87.517964901372', '91.745604681831', '86.9849976', '93.3328847'),
(78, 7, 6, 5, '123.6808150', '0.7768473', '3.6808150277778', '20.0869396', '61.2147442', '1.2638629011072', '88.736137098893', '62.086621731799', '125.31562682876', '56.319185', '126.1874673'),
(79, 7, 7, 11, '305.6577686', '-0.2781570', '5.6577685555556', '-19.1279911', '59.3047589', '1.1986663464386', '88.801333653561', '60.105271862502', '307.29697198961', '234.3422314', '308.0974526'),
(80, 7, 8, 10, '283.7755746', '-0.3506069', '13.775574638889', '-23.0776455', '82.4016919', '1.4726044481753', '88.527395551825', '83.772398643067', '283.62983302361', '256.2244254', '285.0005196'),
(81, 7, 9, 10, '286.7361073', '0.8012978', '16.736107305556', '-21.5981954', '79.3623203', '1.3682633615999', '88.6317366384', '80.587485904067', '286.81474868373', '253.2638927', '288.0398912'),
(82, 7, 10, 8, '229.8148947', '15.5991598', '19.814894722222', '-2.6370761', '44.1244193', '0.15916939396495', '89.840830606035', '44.20259374509', '231.60480516879', '310.1851053', '231.5266308'),
(83, 7, 11, 10, '293.9613231', '0.0000000', '23.961323111111', '-21.3171666', '71.5566883', '1.3486886455202', '88.65131135448', '72.645309455702', '294.756937082', '246.0386769', '295.8455232'),
(84, 7, 12, 1, '23.5938753', '3.4516467', '0', '9.1619444279631', '14.434469680564', '0.55737553802477', '89.442624461975', '14.524420309279', '21.926630427492', '156.4061247', '21.836681180564'),
(85, 8, 1, 4, '91.7756054', '0.0000606', '1.7756054166667', '23.4313791', '25.4367902', '1.4978886733296', '88.50211132667', '25.867305126201', '91.504775062385', '88.2243946', '91.9352450'),
(86, 8, 2, 3, '64.5490071', '4.1874062', '4.5490070833333', '25.1673754', '55.6367426', '1.62400395475', '88.37599604525', '56.659127569393', '62.757594920332', '115.4509929', '61.7352926'),
(87, 8, 3, 4, '106.5536360', '-2.2848490', '16.553635944444', '20.1495389', '9.7193704', '1.2681462944787', '88.731853705521', '9.8582786166404', '107.51376778853', '73.446364', '107.6526648'),
(88, 8, 4, 3, '75.2989508', '-0.6285917', '15.298950805556', '22.0075089', '43.2568243', '1.3969105184063', '88.603089481594', '43.938808565008', '74.797143703042', '104.7010492', '74.1152109'),
(89, 8, 5, 4, '111.7351579', '1.1429624', '21.735157861111', '22.8166403', '3.6891715', '1.4540336899004', '88.5459663101', '3.7497522341921', '113.62228945691', '68.2648421', '113.6828637'),
(90, 8, 6, 1, '24.8510853', '-1.2258952', '24.851085305556', '8.4838380', '86.1032144', '0.51548740393484', '89.484512596065', '86.599223387185', '23.971258091022', '155.1489147', '23.4752496'),
(91, 8, 7, 9, '256.8106936', '1.5917662', '16.810693638889', '-21.2053464', '41.5329546', '1.3409208667232', '88.659079133277', '42.161118190511', '256.46719943012', '283.1893064', '255.8390806'),
(92, 8, 8, 9, '264.4339634', '-0.1533411', '24.433963388889', '-23.4793603', '33.4423077', '1.5013286856209', '88.498671314379', '34.009637074754', '264.49700122308', '275.5660366', '263.9297275'),
(93, 8, 9, 10, '276.7603425', '1.0528515', '6.7603425', '-22.2191222', '20.0678279', '1.4117858959892', '88.588214104011', '20.387638798988', '276.98442710177', '263.2396575', '277.3042073'),
(94, 8, 10, 8, '217.3127135', '16.6075731', '7.3127134722222', '1.7836347', '77.0598474', '0.10761579449905', '89.892384205501', '77.152100562214', '220.40444094783', '322.6872865', '220.3121878'),
(95, 8, 11, 1, '7.2923552', '0.0000000', '7.2923551666667', '2.8945990', '69.3240777', '0.17473838190123', '89.825261618099', '69.458934832012', '6.8309699474765', '172.7076448', '6.6961129'),
(96, 8, 12, 1, '181.5035567', '3.4516467', '0', '0.59811797830446', '64.007459912093', '0.036077147090093', '89.96392285291', '64.033128051864', '181.40516325103', '358.4964433', '181.37949511209'),
(97, 9, 1, 4, '105.7943304', '0.0001970', '15.794330361111', '22.5085902', '12.2319963', '1.4322071557965', '88.567792844204', '12.429796787829', '106.93752691757', '74.2056696', '107.1353072'),
(98, 9, 2, 4, '117.4897089', '5.0016491', '27.489708888889', '25.5668970', '1.2795308', '1.6535307327753', '88.346469267225', '1.3034790519096', '120.62288937157', '62.5102911', '120.6468343'),
(99, 9, 3, 5, '126.3223064', '-2.3771094', '6.3223064444444', '16.3921207', '8.7222315', '1.0166425386632', '88.983357461337', '8.8218837476556', '127.98988793113', '53.6776936', '128.0895350'),
(100, 9, 4, 5, '146.0849763', '1.6114000', '26.08497625', '14.3409197', '29.5272944', '0.88354354012307', '89.116456459877', '29.82004224098', '148.60186038781', '33.9150237', '148.8945979'),
(101, 9, 5, 10, '288.2529358', '-5.4163208', '18.252935833333', '-27.5637071', '8.7736907', '1.8041751374209', '88.195824862579', '8.9531694298495', '290.41416343549', '251.7470642', '290.5936128'),
(102, 9, 6, 12, '352.8246910', '-1.2723990', '22.824690972222', '-4.0170248', '54.548305', '0.24268768524585', '89.757312314754', '54.695793839997', '353.76811993814', '187.175309', '353.9156085'),
(103, 9, 7, 9, '243.7623125', '1.9359719', '3.7623125277778', '-19.0050331', '57.2275855', '1.19036232152', '88.80963767848', '57.994636951976', '242.90673718222', '296.2376875', '242.1397180'),
(104, 9, 8, 9, '259.3392186', '-0.0948195', '19.339218583333', '-23.1095337', '40.9705507', '1.4748782608033', '88.525121739197', '41.653143091554', '259.07928595291', '280.6607814', '258.3967528'),
(105, 9, 9, 10, '274.1134076', '1.1059287', '4.1134076111111', '-22.2737839', '24.9224057', '1.4156356419093', '88.584364358091', '25.320681920038', '274.0466588942', '265.8865924', '274.4448978'),
(106, 9, 10, 8, '214.5504987', '16.6768058', '4.5504987222222', '2.7023428', '81.5399441', '0.1631145682115', '89.836885431789', '81.68799412099', '217.97540938576', '325.4495013', '217.8273594'),
(107, 9, 11, 1, '25.8532868', '0.0000000', '25.853286777778', '9.9905096', '84.6011102', '0.60877702707671', '89.391222972923', '85.177265337407', '24.544567706667', '154.1467132', '23.9684137'),
(108, 9, 12, 1, '44.0015781', '3.4516467', '0', '16.043688026249', '77.825558937121', '0.99384501465184', '89.006154985348', '78.694561128878', '42.410736493308', '135.9984219', '41.541744562879'),
(109, 10, 1, 1, '5.4270662', '0.0001329', '5.4270661666667', '2.1563753', '17.7464182', '0.13316194688281', '89.866838053117', '17.772714302644', '5.0077432798938', '174.5729338', '4.9814472'),
(110, 10, 2, 6, '156.5136354', '4.6287711', '6.5136354444444', '13.4185960', '7.2136555', '0.84375522137896', '89.156244778621', '7.2819239595843', '159.95310749173', '-126.5136354', '160.0213735'),
(111, 10, 3, 1, '5.6214392', '-1.2128304', '5.6214391666667', '1.1196340', '18.4056523', '0.069116501045179', '89.930883498955', '18.419797988744', '5.6548269854567', '174.3785608', '5.6406813'),
(112, 10, 4, 2, '38.7682077', '0.3875044', '8.76820775', '14.7913594', '49.0202682', '0.93385279205088', '89.066147207949', '49.534242541102', '36.769255677742', '141.2317923', '36.2552972'),
(113, 10, 5, 1, '22.5899585', '-0.2926145', '22.5899585', '8.5183838', '33.76756', '0.52970020559139', '89.470299794409', '33.967477553819', '21.202504111636', '157.4100415', '21.0025890'),
(114, 10, 6, 9, '250.9209205', '0.9068066', '10.9209205', '-21.1859469', '82.2456706', '1.3708485418483', '88.629151458152', '83.517784298037', '250.75279644125', '289.0790795', '249.4806996'),
(115, 10, 7, 8, '212.9991416', '2.7174542', '2.9991415833333', '-9.9576096', '44.4936141', '0.62089395573944', '89.379106044261', '44.802699939928', '212.03772438956', '327.0008584', '211.7286431'),
(116, 10, 8, 9, '249.0459579', '0.1054255', '9.0459579166667', '-21.7044090', '80.1270235', '1.407798725743', '88.592201274257', '81.400303991492', '248.63530967293', '290.9540421', '247.3620525'),
(117, 10, 9, 9, '269.2241536', '1.2412054', '29.224153611111', '-22.1982266', '78.0727902', '1.443241339773', '88.556758660227', '79.345170535875', '270.434589157', '270.7758464', '269.1622388'),
(118, 10, 10, 7, '208.7739678', '17.5128058', '28.773967777778', '5.3631323', '45.6698444', '0.33200315574147', '89.667996844259', '45.838940766559', '213.07396906575', '331.2260322', '212.9048734'),
(119, 10, 11, 3, '89.3728338', '0.0000000', '29.372833777778', '23.4402002', '77.9186096', '1.5335074766164', '88.466492523384', '79.269276581146', '90.66705021196', '90.6271662', '89.3164194'),
(120, 10, 12, 1, '230.734129', '3.532013', '0', '17.938483435954', '61.062728459717', '1.1449562961751', '88.855043703825', '61.849562301638', '229.08456366366', '309.265871', '228.29775745972'),
(121, 11, 1, 1, '2.7941017', '0.0000239', '2.79410175', '1.1112247', '5.1788721', '0.067032585148687', '89.932967414851', '5.1827322326632', '2.5676480317855', '177.2058983', '2.5637879'),
(122, 11, 2, 11, '321.2252047', '0.5074368', '21.225204666667', '-13.9461250', '33.9422861', '0.8582161642816', '89.141783835718', '34.269066845575', '323.11585940233', '218.7747953', '323.4426297'),
(123, 11, 3, 1, '7.4248515', '-0.7997884', '7.4248514722222', '2.2120708', '9.7492664', '0.13348879070698', '89.866511209293', '9.7637480769284', '7.1486638639814', '172.5751485', '7.1341822'),
(124, 11, 4, 11, '316.5157555', '2.2281476', '16.515755472222', '-13.7621077', '39.1016283', '0.84644064614001', '89.15355935386', '39.472866507013', '317.91206019913', '223.4842445', '318.2832875'),
(125, 11, 5, 11, '308.9332480', '-1.0676334', '', '-19.0566801', '45.7228711', '1.1938488221934', '88.806151177807', '46.337537934291', '311.04741055411', '231.066752', '311.6620447'),
(126, 11, 6, 4, '91.9698140', '0.0618792', '1.9698140277778', '23.4896970', '85.2370388', '1.5020701035909', '88.497929896409', '86.683761992847', '90.701165797626', '88.030186', '92.1478770'),
(127, 11, 7, 10, '293.9149526', '0.2094160', '23.914952555556', '-21.1197625', '61.6271286', '1.3349835991035', '88.665016400897', '62.555016613564', '294.82994258695', '246.0850474', '295.7577872'),
(128, 11, 8, 10, '279.3965240', '-0.2940125', '9.396524', '-23.4028368', '77.1375204', '1.4958435201323', '88.504156479868', '78.441251938028', '278.94369946809', '260.603476', '280.2473954'),
(129, 11, 9, 10, '284.4184003', '0.8565663', '14.418400361111', '-21.8106141', '71.8295467', '1.3831097018354', '88.616890298165', '72.950643847337', '284.43430930357', '255.5815997', '285.5553691'),
(130, 11, 10, 8, '227.4895062', '15.8837864', '17.489506222222', '-1.7745559', '52.0556056', '0.10706767211487', '89.892932327885', '52.117606831552', '229.50252260757', '312.5104938', '229.4405214'),
(131, 11, 11, 11, '314.1351305', '0.0000000', '14.135130472222', '-16.5900172', '40.7828349', '1.0296269842082', '88.970373015792', '41.254802206444', '316.13013365876', '225.8648695', '316.6020809'),
(132, 11, 12, 1, '47.406571', '3.4516467', '0', '17.029939265275', '47.556573201062', '1.058587879563', '88.941412120437', '48.122595381101', '45.507488184593', '132.593429', '44.941489001062'),
(133, 12, 1, 9, '268.3986023', '0.0001056', '28.398602333333', '-23.4320437', '55.3281709', '1.497936304727', '88.502063695273', '56.264624496728', '269.19101490567', '271.6013977', '268.2546263'),
(134, 12, 2, 4, '98.8016447', '2.0515994', '8.80164475', '25.1966399', '43.8533638', '1.6261601391912', '88.373839860809', '44.660306129238', '98.922572734083', '81.1983553', '99.7294334'),
(135, 12, 3, 10, '286.5318756', '-0.6368171', '16.531875583333', '-23.0507572', '35.570581', '1.4706879969755', '88.529312003025', '36.161495188064', '287.42135642589', '253.4681244', '288.0122162'),
(136, 12, 4, 8, '226.5998170', '2.3648516', '', '-14.5331719', '81.2475694', '0.89590939820348', '89.104090601797', '82.064484319562', '225.64727590748', '313.400183', '224.8303666'),
(137, 12, 5, 7, '198.5896932', '1.6127453', '18.589693222222', '-5.7937995', '54.1823656', '0.35065458625805', '89.649345413742', '54.39429458737', '197.97709094764', '341.4103068', '197.7651628'),
(138, 12, 6, 9, '263.3944276', '0.3377825', '23.394427583333', '-22.9396671', '60.7583665', '1.4627782163366', '88.537221783663', '61.762193062274', '263.82819956245', '276.6055724', '262.8244307'),
(139, 12, 7, 8, '222.9334060', '2.2454354', '12.933406027778', '-13.5809234', '77.5986847', '0.8348645377405', '89.165135462259', '78.325251083772', '221.90804204571', '317.066594', '221.1814819'),
(140, 12, 8, 9, '250.4957614', '0.0564779', '10.495761361111', '-21.9678045', '74.6839545', '1.3941244631785', '88.605875536822', '75.859031517687', '250.07388613809', '289.5042386', '248.8988427'),
(141, 12, 9, 9, '268.9266577', '1.1626663', '28.92665775', '-22.2748647', '54.7424681', '1.4157117914931', '88.584288208507', '55.617336083385', '269.71514205388', '271.0733423', '268.8403291'),
(142, 12, 10, 8, '211.5312955', '16.6123472', '1.5312954722222', '3.6084241', '71.4921868', '0.21793293406525', '89.782067065935', '71.665723704877', '215.24852075175', '328.4687045', '215.0749840'),
(143, 12, 11, 3, '75.1179074', '0.0000000', '15.117907416667', '22.6110839', '69.7365289', '1.4394583386799', '88.56054166132', '70.870022735433', '74.979716826046', '104.8820926', '73.8462683'),
(144, 12, 12, 1, '247.4993367', '3.4516467', '0', '21.563631182575', '77.881558332572', '1.3658517449137', '88.634148255086', '79.081712724974', '246.90136734864', '292.5006633', '245.70123886743'),
(145, 13, 1, 7, '189.5076661', '0.0000516', '9.5076660555556', '-3.7681044', '71.3427767', '0.22760424412412', '89.772395755876', '71.523655450397', '188.91628467512', '350.4923339', '188.7354061'),
(146, 13, 2, 2, '31.9710484', '3.7487058', '1.9710483611111', '15.6760711', '88.9389928', '0.96987870947488', '89.030121290525', '89.907878771495', '29.422522476809', '148.0289516', '28.4536366'),
(147, 13, 3, 7, '208.4147463', '-3.6211867', '28.414746305556', '-14.2936668', '87.674599', '0.88050744974656', '89.119492550253', '88.540830790195', '205.93345909346', '331.5852537', '205.0672284'),
(148, 13, 4, 7, '198.1338638', '1.0432840', '18.133863777778', '-6.1485066', '79.7309768', '0.37228351127593', '89.627716488724', '80.062152569767', '197.45478148355', '341.8661362', '197.1236062'),
(149, 13, 5, 6, '173.6276275', '1.0720725', '23.627627444444', '3.5153948', '57.1823647', '0.21230003519124', '89.787699964809', '57.317570502609', '174.43978848129', '-143.6276275', '174.5749941'),
(150, 13, 6, 5, '143.6131183', '0.6823001', '23.613118277778', '14.2962669', '28.7778522', '0.88067447793513', '89.119325522065', '29.062234064583', '145.88610976566', '36.3868817', '146.1704816'),
(151, 13, 7, 8, '228.7720622', '2.0198571', '18.772062194444', '-15.4685938', '70.5026747', '0.95639076180169', '89.043609238198', '71.259922832036', '227.64718971145', '311.2279378', '226.8899547'),
(152, 13, 8, 5, '121.7598410', '0.5371766', '1.759841', '20.2963793', '6.7448142', '1.2782074692368', '88.721792530763', '6.8419861759389', '124.04027963752', '58.240159', '124.1374436'),
(153, 13, 9, 7, '207.2898601', '1.6732459', '27.289860111111', '-8.9487886', '88.5456803', '0.54419173080469', '89.455808269195', '89.084335396299', '206.47696463234', '332.7101399', '205.9383097'),
(154, 13, 10, 5, '147.8033051', '10.2912419', '27.803305055556', '21.8690296', '36.3962606', '1.3872001957336', '88.612799804266', '36.966030429413', '153.21916644538', '32.1966949', '153.7888900'),
(155, 13, 11, 9, '260.8348878', '0.0000000', '20.834887833333', '-23.1279741', '37.366568', '1.4761936616292', '88.523806338371', '37.989680506342', '260.64911725049', '279.1651122', '260.0260614'),
(156, 13, 12, 1, '51.2149034', '3.4516467', '0', '18.067460232267', '68.60787081552', '1.1274396338029', '88.872560366197', '69.478232065714', '49.655097138247', '128.7850966', '48.78475858448'),
(157, 14, 1, 4, '108.6073136', '0.0001954', '18.607313611111', '22.1480700', '75.4075635', '1.9222332540307', '88.077766745969', '77.053278775493', '108.5056456833', '71.3926864', '110.1512785'),
(158, 14, 2, 8, '219.4132170', '5.2193496', '9.4132170277778', '-9.6746111', '3.9513923', '0.80495687314848', '89.195043126852', '3.9870523577665', '218.73076618699', '320.586783', '218.6951073'),
(159, 14, 3, 3, '88.6673534', '-3.4335288', '28.667353361111', '20.0001306', '53.8406402', '1.7188040641824', '88.281195935818', '54.888898667876', '89.632514911527', '91.3326466', '88.5843552'),
(160, 14, 4, 5, '133.5562112', '1.6258699', '13.556211194444', '18.3122045', '78.230729', '1.5628406368521', '88.437159363148', '79.613204004989', '135.13054828945', '46.4437888', '136.5129860'),
(161, 14, 5, 3, '84.9929119', '0.4023766', '24.992911916667', '23.7475313', '49.7848061', '2.0777810634265', '87.922218936574', '50.961322441512', '85.704862229088', '95.0070881', '84.5285211'),
(162, 14, 6, 7, '183.2020626', '1.2618179', '3.2020626388889', '-0.1151892', '31.3041687', '0.0094925304622941', '89.990507469538', '31.307470779112', '183.4428483791', '356.7979374', '183.4395463'),
(163, 14, 7, 7, '184.0570591', '2.3665998', '4.0570590833333', '0.5595480', '30.0812311', '0.046112731876281', '89.953887268124', '30.09665153136', '184.67790432988', '355.9429409', '184.6624839'),
(164, 14, 8, 8, '236.3007398', '0.2101920', '26.300739777778', '-19.1219202', '19.2955123', '1.6372583154004', '88.3627416846', '19.653035588218', '234.3967042528', '303.6992602', '234.0392273'),
(165, 14, 9, 9, '262.8019262', '1.3568182', '22.80192625', '-21.8897317', '47.4978003', '1.8974484800376', '88.102551519962', '48.520751706396', '263.26433405933', '277.1980738', '262.2415153'),
(166, 14, 10, 7, '201.5581318', '17.1470180', '21.558131805556', '7.5172479', '8.4338597', '0.62307319561748', '89.376926804383', '8.4926546496872', '206.36864910118', '338.4418682', '206.3098553'),
(167, 14, 11, 5, '122.3991711', '0.0000000', '2.3991710833333', '19.6254413', '89.9270949', '1.683903277205', '88.316096722795', '91.641714719385', '122.95618099006', '57.6008289', '124.6708099'),
(168, 14, 12, 1, '51.6191275', '4.710988599999999', '0', '18.169509237702', '14.452597569997', '1.5497993043272', '88.450200695673', '14.705831881322', '49.449516826644', '128.3808725', '49.196312569997'),
(169, 15, 1, 6, '157.2108009', '0.0001184', '7.2108008888889', '8.8634248', '1.4322982', '0.55149599753475', '89.448504002465', '1.4411290545055', '158.91108548182', '-127.2108009', '158.9199162'),
(170, 15, 2, 9, '252.7392390', '5.2868670', '12.739239027778', '-17.0803972', '85.4921107', '1.0867083967812', '88.913291603219', '86.537005033356', '253.04039690444', '287.260761', '251.9955073'),
(171, 15, 3, 5, '144.9007709', '1.4422267', '24.900770944444', '14.5806298', '9.8032741', '0.919950572249', '89.080049427751', '9.9045148118782', '147.58310748537', '35.0992291', '147.6843439'),
(172, 15, 4, 6, '158.7657318', '1.4062819', '8.7657317777778', '9.5868768', '3.4256429', '0.59733083402087', '89.402669165979', '3.4485308310831', '160.89037338292', '-128.7657318', '160.9132609'),
(173, 15, 5, 4, '104.7442641', '0.5948762', '14.744264138889', '23.2154011', '51.4115543', '1.5170458164602', '88.48295418354', '52.293008633077', '105.19467759327', '75.2557359', '106.0760637'),
(174, 15, 6, 5, '143.9253843', '0.7272961', '23.925384305556', '14.2324629', '10.9988589', '0.89703948943103', '89.102960510569', '11.10958934841', '146.37803310631', '36.0746157', '146.4887591'),
(175, 15, 7, 6, '165.9556299', '1.8048429', '15.955629916667', '7.2026730', '10.2915915', '0.44693522408231', '89.553064775918', '10.34295406101', '167.72784745299', '-135.9556299', '167.7792095'),
(176, 15, 8, 8, '227.4677609', '0.3040045', '17.467760861111', '-16.7533718', '67.6052007', '1.0646520817349', '88.935347918265', '68.414507902885', '225.90210624052', '312.5322391', '225.0928187'),
(177, 15, 9, 9, '257.7230432', '1.4051712', '17.723043222222', '-21.4734461', '80.6922378', '1.391305736113', '88.608694263887', '81.959241836608', '258.06236297741', '282.2769568', '256.7953802'),
(178, 15, 10, 7, '197.5452727', '16.7201301', '17.545272722222', '8.5753996', '45.0704018', '0.53329905972462', '89.466700940275', '45.339060447841', '202.82667555307', '342.4547273', '202.5580198'),
(179, 15, 11, 6, '158.3990027', '0.0000000', '8.39900275', '8.4206719', '2.5475944', '0.52353509654921', '89.476464903451', '2.5625006111653', '160.02030639609', '-128.3990027', '160.0352124'),
(180, 15, 12, 1, '166.0504111', '3.532013', '0', '5.5027006070467', '9.6741546469076', '0.34069587217713', '89.659304127823', '9.7109154113042', '167.12501209662', '-136.0504111', '167.16177264691'),
(181, 16, 1, 3, '65.7860741', '0.0001161', '5.7860740833333', '21.2743609', '27.7951395', '1.3457136783727', '88.654286321627', '28.217051411644', '64.309156433807', '114.2139259', '63.8872795'),
(182, 16, 2, 6, '150.6211835', '5.1413476', '0.62118355555556', '16.0574353', '61.5202387', '0.99474295686612', '89.005257043134', '62.207802852777', '153.88435518715', '-120.6211835', '154.5719013'),
(183, 16, 3, 2, '52.5505348', '-1.2044192', '22.550534861111', '17.2464152', '14.3730254', '1.0728888498203', '88.92711115018', '14.546433244811', '50.638563375659', '127.4494652', '50.4651654'),
(184, 16, 4, 1, '21.2460853', '-1.6618460', '21.246085333333', '6.7476829', '15.8334621', '0.40888599085528', '89.591114009145', '15.905724633076', '20.330939838867', '158.7539147', '20.2586779'),
(185, 16, 5, 3, '81.0679367', '0.7615494', '21.067936694444', '23.9016876', '44.1309553', '1.5317165334011', '88.468283466599', '44.895027024002', '80.987098656613', '98.9320633', '80.2230953'),
(186, 16, 6, 11, '316.8419282', '-0.6162639', '16.841928166667', '-16.3781536', '76.6034213', '1.0157271273928', '88.984272872607', '77.477824950822', '318.61432690851', '223.1580718', '319.4887187'),
(187, 16, 7, 8, '233.9878337', '2.3517565', '23.987833722222', '-16.4922814', '16.1251767', '1.0232109876894', '88.976789012311', '16.310612229434', '232.40274269668', '306.0121663', '232.2173167'),
(188, 16, 8, 9, '256.4247062', '-0.0266788', '16.42470625', '-22.7770462', '39.1594479', '1.4512227821425', '88.548777217858', '39.80123070846', '255.89331550616', '283.5752938', '255.2515879'),
(189, 16, 9, 10, '272.9508151', '1.1627396', '2.9508150833333', '-22.2474279', '57.0955878', '1.4137790503485', '88.586220949652', '58.006796620442', '272.27657303944', '267.0491849', '273.1877278'),
(190, 16, 10, 8, '212.4799920', '17.1791163', '2.4799919722222', '3.8343853', '0.031006100000013', '0.23161969609097', '89.768380303909', '0.031086101704785', '216.12322610149', '327.520008', '216.1231461'),
(191, 16, 11, 2, '47.4098065', '0.0000000', '17.409806472222', '17.0310715', '8.852528', '1.0586625913321', '88.941337408668', '8.9578990288756', '45.050033092666', '132.5901935', '44.9446680'),
(192, 16, 12, 1, '27.4191351', '3.4516467', '0', '10.556259160385', '10.639857713239', '0.64402398560073', '89.355976014399', '10.716543390866', '25.528966372481', '152.5808649', '25.452282286761'),
(193, 17, 1, 11, '315.3228255', '0.0001082', '15.322825527778', '-16.2438850', '12.5154928', '1.0069337749548', '88.993066225045', '12.657102398872', '317.64491024637', '224.6771745', '317.7865127'),
(194, 17, 2, 2, '34.0054741', '1.8048950', '4.0054740833333', '14.5537775', '85.8540117', '0.89723604557192', '89.102763954428', '86.718533859981', '31.989551230117', '145.9945259', '31.1250316'),
(195, 17, 3, 12, '330.9364063', '-0.8096404', '0.93640633333333', '-11.9002888', '28.005897', '0.72829505340902', '89.271704946591', '28.234374279151', '333.04844516795', '209.0635937', '333.2769169'),
(196, 17, 4, 9, '269.5114169', '2.7197386', '29.511416888889', '-20.7228062', '35.7928117', '1.3075344043624', '88.692465595638', '36.320481467802', '270.00583962582', '270.4885831', '269.4782082'),
(197, 17, 5, 1, '18.9648167', '0.1760487', '18.964816694444', '7.5916836', '72.1603239', '0.46060037630967', '89.53939962369', '72.531524427172', '17.80254292573', '161.0351833', '17.4313438'),
(198, 17, 6, 12, '354.0758571', '-1.1233023', '24.075857111111', '-3.3847117', '49.7364336', '0.20438910336494', '89.795610896635', '49.849641639531', '354.89424562691', '185.9241429', '355.0074535'),
(199, 17, 7, 9, '258.8001101', '1.5038185', '18.800110055556', '-21.4725264', '47.3141003', '1.3595006898313', '88.640499310169', '48.039768053422', '258.68253865932', '281.1998899', '257.9569196'),
(200, 17, 8, 9, '265.4308120', '-0.1197114', '25.430811944444', '-23.4841305', '40.2538396', '1.5016708221234', '88.498329177877', '40.936880929337', '265.70015960746', '274.569188', '265.0171803'),
(201, 17, 9, 10, '276.9151777', '1.0126203', '6.9151777222222', '-22.2515595', '27.797551', '1.4140700456983', '88.585929954302', '28.241274785856', '277.0297857247', '263.0848223', '277.4734689'),
(202, 17, 10, 8, '219.9605324', '16.4192923', '9.9605323888889', '0.8155164', '82.6038706', '0.049191674619151', '89.950808325381', '82.649044432236', '222.71232313137', '320.0394676', '222.6671493'),
(203, 17, 11, 1, '14.6578553', '0.0000000', '14.657855305556', '5.7779171', '68.2229918', '0.34968677649324', '89.650313223507', '68.48909993981', '13.760119144471', '165.3421447', '13.4940117'),
(204, 17, 12, 1, '117.2175699', '3.4516467', '0', '20.719468532733', '5.9963356087123', '1.3073042224589', '88.692695777541', '6.0847198301167', '119.18630770351', '62.7824301', '119.27468429129'),
(205, 18, 1, 3, '77.0618525', '-0.0000061', '17.061852527778', '22.8115513', '11.2464911', '1.4536723143624', '88.546327685638', '11.431125665578', '76.127012177261', '102.9381475', '75.9423971'),
(206, 18, 2, 10, '273.5074735', '0.9021992', '3.5074734722222', '-22.4923551', '29.100282', '1.4310595509835', '88.568940449017', '29.570472072064', '273.32604153733', '266.4925265', '273.7961880'),
(207, 18, 3, 3, '67.7877518', '-3.7053088', '7.7877518055556', '17.9519102', '1.9411343', '1.1197320479319', '88.880267952068', '1.96558911247', '66.661493556574', '112.2122482', '66.6370403'),
(208, 18, 4, 2, '39.6466351', '-2.0657222', '9.6466350833333', '12.7431692', '26.7811738', '0.78156526145117', '89.218434738549', '27.015780416495', '38.149332196393', '140.3533649', '37.9147322'),
(209, 18, 5, 7, '184.6046797', '0.3645453', '4.6046796944444', '-1.4954488', '60.3251332', '0.090219390396634', '89.909780609603', '60.385666066458', '184.4313056527', '355.3953203', '184.3707728'),
(210, 18, 6, 8, '211.0096169', '1.3331888', '1.0096169444444', '-10.5759061', '35.3475554', '0.64525031164829', '89.354749688352', '35.60280787642', '209.60359852526', '328.9903831', '209.3483506'),
(211, 18, 7, 7, '195.5852532', '2.6259465', '15.585253222222', '-3.7114282', '49.3276888', '0.224171153912', '89.775828846088', '49.450860538543', '195.49138871917', '344.4147468', '195.3682172'),
(212, 18, 8, 9, '242.0053615', '0.1581048', '2.0053614722222', '-20.4091453', '4.750557', '1.2859469194073', '88.714053080593', '4.8194182900379', '240.01420452547', '297.9946385', '239.9453490'),
(213, 18, 9, 9, '265.9107669', '1.3176440', '25.910766916667', '-22.0605156', '20.8923813', '1.4006324342776', '88.599367565722', '21.222660710362', '265.91853564471', '274.0892331', '265.5882873'),
(214, 18, 10, 7, '204.3063784', '17.4116059', '24.306378444444', '6.7940246', '35.8295851', '0.41172059062871', '89.588279409371', '35.99424701824', '209.0309816278', '335.6936216', '208.8663209'),
(215, 18, 11, 4, '104.8080766', '0.0000000', '14.808076638889', '22.6182119', '41.3780094', '1.4399630297282', '88.560036970272', '42.05080500644', '105.40117515915', '75.1919234', '106.0739154'),
(216, 18, 12, 1, '168.4923464', '3.4516467', '0', '4.5518247204283', '75.276223798283', '0.27512606797845', '89.724873932022', '75.507045537654', '169.18886072503', '-138.4923464', '169.41968220172');

-- --------------------------------------------------------

--
-- Estructura de tabla para la tabla `planos`
--

CREATE TABLE `planos` (
  `id_plano` int(11) NOT NULL,
  `nombre_plano_es` text NOT NULL,
  `nombre_plano_en` text NOT NULL
) ENGINE=MyISAM DEFAULT CHARSET=latin1;

--
-- Volcado de datos para la tabla `planos`
--

INSERT INTO `planos` (`id_plano`, `nombre_plano_es`, `nombre_plano_en`) VALUES
(1, 'Fisico', 'Physical\r'),
(2, 'Emocional', 'Emotional\r'),
(3, 'Mental', 'Mental\r'),
(4, 'Siquico', 'Psychic\r'),
(5, 'Espiritual', 'Spiritual');

-- --------------------------------------------------------

--
-- Estructura de tabla para la tabla `plano_signo_planeta`
--

CREATE TABLE `plano_signo_planeta` (
  `id_plano_signo_planeta` int(11) NOT NULL,
  `id_signo_zodiacal` int(11) DEFAULT NULL,
  `id_planeta` int(11) DEFAULT NULL,
  `id_plano` int(11) NOT NULL,
  `id_ascendente` int(11) DEFAULT NULL,
  `desc_tendencia_es` text NOT NULL,
  `desc_tendencia_en` text NOT NULL
) ENGINE=MyISAM DEFAULT CHARSET=latin1;

--
-- Volcado de datos para la tabla `plano_signo_planeta`
--

INSERT INTO `plano_signo_planeta` (`id_plano_signo_planeta`, `id_signo_zodiacal`, `id_planeta`, `id_plano`, `id_ascendente`, `desc_tendencia_es`, `desc_tendencia_en`) VALUES
(1, 1, 1, 1, 0, 'Eres un iniciador de un camino, una piedra angular de un proyecto; gestas pero no eres el desarrollador sino el explorador cuya labor sirve de base consolidar algo nuevo.No sabes lo que vas a encontrar, por eso se dice que tienes valientía y el arrojo necesario para dar el primer paso.', ' \r'),
(2, 1, 1, 2, 0, 'Tu amor y convicción en tus ideas te dota de intensidad, eres efusivo, fiel y te entregas a tu causa con generosidad, sustentado en tu fé en que  no va a faltar nada. Puedes ser iracundo y querer imponer tus ideas de buena manera. ', ' \r'),
(3, 1, 1, 3, 0, 'Aplicas la ciencia para el bien de la humanidad; innnovador, te motiva lo nuevo, ser pionero.', ' \r'),
(4, 1, 1, 4, 0, 'Puedes ser ansioso e independiente; te gusta dominar, impones tu voluntad. Eres persistente y no aceptas un no como respuesta. Sentir que no te comprenden te hace enojar.', ' \r'),
(5, 1, 1, 5, 0, 'Si dearrollas todo tu potencial , serásun  guía espiritual que quiere transmitir el bien a todos; a veces te sientes incomprendido.', ' \r'),
(6, 1, 2, 1, 0, 'Gestas nuevas ideas y nuevas empresas; las materializas. Te pueden percibir como alguien diferente o raro porque quieres concretar ideas nuevas que no se han visto; eres muy creativo.', ' \r'),
(7, 1, 2, 2, 0, 'Te apegas a tus ideas, rígido y fiel a lo que creaste;  demarcas un terreno y estableces un marco conceptual del cual no quieres que nadie se salga. Tiendes a ser dominante.  Una pareja se convierte en tu causa.', ' \r'),
(8, 1, 2, 3, 0, 'Concibes ideas que pueden salirse de la realidad, pueden parecer descabelladas; eres creativo; buscas el bien de los demás. Piensas rápidamente.', ' \r'),
(9, 1, 2, 4, 0, 'Pasas de la apatía a la euforía. Normalmente eres alegre. Dudas mucho al no ser entendido y te puedes sentir solo. Tendencia a dejarte  influenciar por los demás para pertenecer al grupo. ', ' \r'),
(10, 1, 2, 5, 0, 'Capacidad de aislamiento, conexión con filosofías ancestrales, buscas la reconexión para liderar una comunidad dentro de esa filosofía.', ' \r'),
(11, 1, 3, 1, 0, 'Para ti el mundo es sólo lo que se puede comprobar por métodos científicos. Apego al plano físico.', ' \r'),
(12, 1, 3, 2, 0, 'Existe apego a la pareja por su apariencia física. Eres dominante y te sientes bien si tu pareja es reconocida como una persona bella; te gusta que te admiren por la belleza de tu pareja. Hay un poco de altanería porque, al darle mucho valor al entorno material, se vuelve reactivo.', ' \r'),
(13, 1, 3, 3, 0, 'Racional, cuestionas la lógica del funcionamiento del mundo, realista, exceptico, psíquico. ', ' \r'),
(14, 1, 3, 4, 0, 'Tendencia a creer sólo en lo que ves, lo que puede hacer que te cueste abrir la mente a otras posibilidades más allá de este esquema. Le importa el hoy. Te puedes alterar si no comparten tu opinión.', ' \r'),
(15, 1, 3, 5, 0, 'Incrédulo, dudas sobre la existencia del mundo espiritual. Deidificas las demostraciones materiales, idealizas seres humanos, creas y crees en tu filosofía.', ' \r'),
(16, 1, 4, 1, 0, 'Bondadoso, servicial, socorres a las personas de manera innata. Puedes captar energías sutiles y canalizarlas al mundo material. Conexión por medio de la música y las artes en general.', ' \r'),
(17, 1, 4, 2, 0, 'Tu sensibilidad te permite percibir el dolor humano; puedes permanecer en una relación, más que por amor, por agradecimiento y compasión, creyendo así evitar dolor a tu pareja. Ves la belleza donde otros no la ven. Controlado. Enamoradizo.', ' \r'),
(18, 1, 4, 3, 0, 'Tomas conciencia de tus limites, perfeccionista, respetuoso de leyes.', ' \r'),
(19, 1, 4, 4, 0, 'Muy sexual pero no promiscuo; no ser correspondido te puede alterar. La persona que quieras conquistar se convierte en un gran reto.', ' \r'),
(20, 1, 4, 5, 0, 'Capaz de alcanzar elevación espiritual a través de la práctica sexual; afinidad con  filosofías ancestrales, cumpliéndo sus leyes, liderando y difundiendo sus conceptos buscando el bien de los demás.', ' \r'),
(21, 1, 5, 1, 0, 'Eres un líder valiente y justo, capaz de romper una regla si creen que es injusta. Defensor de otros.', ' \r'),
(22, 1, 5, 2, 0, 'Fidelidad a una causa; puedes  enamorarse de una pareja y permanecer con ella toda tu vida. Tendencia a ser dominado por la pareja.', ' \r'),
(23, 1, 5, 3, 0, 'Tienes capacidad para hacer crecer tus emprendimientos, próspero, visión de negocios, habilidad para hacer dinero.', ' \r'),
(24, 1, 5, 4, 0, 'Por defender tus intereses puedes imponerse por encima de cualquier persona por tu causa, pero no eres inescrupuloso. Haces cumplir una orden, así afecte a algunos, si la mayoría se beneficia. Pensar en oportunidades que no aprovechaste te altera.', ' \r'),
(25, 1, 5, 5, 0, 'Pones en práctica normas de una filosofía porque te garantizan un beneficio corporal comprobable', ' \r'),
(26, 1, 6, 1, 0, 'Capacidad de solucionar problemas a los demás, la gente te busca para recibir tu ayuda.', ' \r'),
(27, 1, 6, 2, 0, 'No te apegas a una sola pareja porque eres capaz de amar de verdad a varias simultáneamente. Manifiestas el amor pero causas dolor a los demás por tu manera diferente y amplia de entender este  concepto; puedes sentirte incompredido y  abandonar a alguién por amor si crees que tú mismo eres un obstáculo para la felicidad de tu pareja.', ' \r'),
(28, 1, 6, 3, 0, 'Sabiduría, visión amplia de lo observado; investigador del conocimiento ancestral y religioso. ', ' \r'),
(29, 1, 6, 4, 0, 'Puedes desarrollar un complejo de culpa, porque en tu necesidad de comportarte de manera recta puedes sentir que perjudicaa a algunas personas. Te cuesta dejar ir el pasado, quisieras poder modificarlo.', ' \r'),
(30, 1, 6, 5, 0, 'Eres un benefactor, cuentas con poderes sanadores y quieres guiar al mundo por el buen camino. Esto lo haces de manera vocativa.', ' \r'),
(31, 1, 7, 1, 0, 'Eres un pionero, diseñado para enfrentarte y triunfar ante los problemas más difíciles.', ' \r'),
(32, 1, 7, 2, 0, 'Puedes parecer duro, con poca expresión; das y recibes dureza porque asumes que es parte del mundo', ' \r'),
(33, 1, 7, 3, 0, 'Científico, racional, capacidad de aplicación práctica de las teorias con mucha precisión.', ' \r'),
(34, 1, 7, 4, 0, 'Crudeza que puede parecer insensible; expresas la verdad sin disfrazarla.', ' \r'),
(35, 1, 7, 5, 0, 'Descubres a Dios por medio de la razón. Acto de fé. ', ' \r'),
(36, 0, 0, 1, 1, 'Eres activo, líder, sacrificado y un poco imprudente.', ' \r'),
(37, 0, 0, 2, 1, 'Tendencia a ser obsesivo, inseguro, celoso,', ' \r'),
(38, 0, 0, 3, 1, 'Eres un explorador incansable.', ' \r'),
(39, 0, 0, 4, 1, 'Puedes ser  reacccionar con vehemencia que puede ser entendida como violenta;  sensación de estar limitado con respecto a lo que quieres hacer.', ' \r'),
(40, 0, 0, 5, 1, 'Puedes ser un poco fanático de una causa, ya que tu convencimiento se manifiesta en una fe ciega; esta inclinación puede llevarte a  seguir algún culto.', ' \r'),
(41, 2, 1, 1, 0, 'Te gusta el placer que brinda la materia, el gusto por la comida, por la belleza esencial.', ' \r'),
(42, 2, 1, 2, 0, 'Puedes ser obstinado, terco, celoso. Como tiendes a enamorarte de la belleza material, puede parecerte dificil despenderte de ella. Tu nivel de atraccion hacia algo depende de lo bello que te parezca.', ' \r'),
(43, 2, 1, 3, 0, 'Tienes habilidad para obtener beneficio de todo, talento para obtener recursos y sacarle partido a lo que se te ofrece', ' \r'),
(44, 2, 1, 4, 0, 'Tu estabilidad puede depender de que consigas lo que pretendes. Te desequilibras sino obtienes tu objetivo.', ' \r'),
(45, 2, 1, 5, 0, 'Trabajas para el beneficio de los demás. Quieres ayudar a todos.', ' \r'),
(46, 2, 2, 1, 0, 'El atractivo sexuales de una persona puede ser muy importante para ti. Capacidad para usa a los demás para conseguir un propósito.', ' \r'),
(47, 2, 2, 2, 0, 'Posesivo, territorial, egoista, egocentrico. Movidos por interes del dinero.', ' \r'),
(48, 2, 2, 3, 0, 'Valora a las personas siempre que aporten un beneficio. Calculador.', ' \r'),
(49, 2, 2, 4, 0, 'Se valora mucho a sí mismo. Se puede llegar a deprimir si considera que no esta en primer plano.', ' \r'),
(50, 2, 2, 5, 0, 'Esta presto a ayudar a los demás, ganando un reconocimiento.', ' \r'),
(51, 2, 3, 1, 0, 'Disfruta mucho de los placeres materiales; esto lo atrae con facilidad.', ' \r'),
(52, 2, 3, 2, 0, 'Establece relaciones o apegos emocionales con las cosas materiales.', ' \r'),
(53, 2, 3, 3, 0, 'Tiene la creactividad suficiente para ofrecer cosas, objetos, productos, cualquier medio material que los demás pueden valorar  con tanta intensidad que puede crear dependencia.', ' \r'),
(54, 2, 3, 4, 0, 'Tiendes a alterarte cuando no consigues lo que quieres o cuando sientes que no tienes seguridad material.', ' \r'),
(55, 2, 3, 5, 0, 'Crees en lo que los sentidos te muestran. La espiritualidad la construyes a partir de lo que la materia va revelando.', ' \r'),
(56, 2, 4, 1, 0, 'Sabes y entiendes los riesgos de los excesos materiales', ' \r'),
(57, 2, 4, 2, 0, 'Tu gusto por el mundo físico te puede llevar a idolatrar. Fanatismo.', ' \r'),
(58, 2, 4, 3, 0, 'Puedes tener fidelidad excesiva a una filosofia. Extricto cumplimiento de los procesos y leyes necesarias para desarrollarla.', ' \r'),
(59, 2, 4, 4, 0, 'Impones y obligas; puedes ser autoritario, contigo o contra ti.', ' \r'),
(60, 2, 4, 5, 0, 'Humilde. Reconoces tus errores. Capaz de desprenderse de la materia para darsela a los demás.', ' \r'),
(61, 2, 5, 1, 0, 'Puedes sentir que el mundo físico te pertenece, usando los recursos que necesitas incluso sin respetar derecho de propiedad. Se siente con derecho a todo.', ' \r'),
(62, 2, 5, 2, 0, 'Eres admirador de la belleza. Tendencia a imponer tus deseos y necesidades. Debes cuidarte de causar rechazo en los demás.', ' \r'),
(63, 2, 5, 3, 0, 'Guerrero incondicional. Luchas por una causa. No aceptas la injusticia.', ' \r'),
(64, 2, 5, 4, 0, 'Puedes reaccionar con ira o violencia. Dificultad para aceptar  oposición.', ' \r'),
(65, 2, 5, 5, 0, 'Entrega total a tu causa. Incondicional y fiel.', ' \r'),
(66, 2, 6, 1, 0, 'Sabes utilizar la materia para que los demás se beneficien.', ' \r'),
(67, 2, 6, 2, 0, 'Crees que eres el eje de las relaciones sociales. Tendencia a darse mucha importancia, sobrevalora. No acepta un no.', ' \r'),
(68, 2, 6, 3, 0, 'Visionario. Sabes identificar lo que se necesita. Eres un adelantado que sabe usar la materia para mejorar la calidad de vida de los demás.', ' \r'),
(69, 2, 6, 4, 0, 'Consideras que eres alguién con jerarquía. Te siente mal si no se te da la importancia que crees que mereces.', ' \r'),
(70, 2, 6, 5, 0, 'Entregado al servicio a los demás por vocación, así pongas en riesgo tu vida.', ' \r'),
(71, 2, 7, 1, 0, 'Materialista total. El mundo físico es el eje de la vida, lo más importante.', ' \r'),
(72, 2, 7, 2, 0, 'Ama a la materia. Egoísta. No se desprende de lo que considera suyo.', ' \r'),
(73, 2, 7, 3, 0, 'Identifica los cambios que se deben implementar en estructuras físicas, así implique destruirlas para volverlas a levantar, si esto es beneficioso. ', ' \r'),
(74, 2, 7, 4, 0, 'Te gusta compararte con los demás y sentir que eres al que le va mejor. No sentirte abundante materialmente es un castigo.. ', ' \r'),
(75, 2, 7, 5, 0, 'El sabio, el maestro que extrae de la materia todo su potencial para darselo a los demás. Capaz de trascender las leyes físicas.', ' \r'),
(76, 0, 0, 1, 2, 'Necesitas sentirte atraído por una persona un obejtivo material.  Irradias fortaleza y salud..', ' \r'),
(77, 0, 0, 2, 2, 'Dependiente de la satisfacción material (comer, contacto constante con la materia, dificultad para estar sólo)', ' \r'),
(78, 0, 0, 3, 2, 'La nutrición es importante. Consumidor de elementos para sentirse bien. Cómodo.', ' \r'),
(79, 0, 0, 4, 2, 'Necesitas estar rodeado. Puedes deprimirte si te sientes solo. Es importante para ti sentirte reconocido constantemente. ', ' \r'),
(80, 0, 0, 5, 2, 'Debes cuidarte de no abandonar tu autoestima y perder la voluntad de superarte. Hay debilidad para dejarse llevar por vicios y dificultad para supersrlos. Es capaz de obtener recursos para apoyar a los demás.', ' \r'),
(81, 3, 1, 1, 0, 'Estás constantemente en movimiento.Como eres curioso, estás buscando conscientemente estímulos. Algo de dificultad para establecerte fisicamente, de manera definitiva, en un lugar.', ' \r'),
(82, 3, 1, 2, 0, 'Eres familiar pero no amoroso. Necesitas de la interacción pero sin ser muy afectivo. Hay un poco de inestabilidad.', ' \r'),
(83, 3, 1, 3, 0, 'Escudriñas, investigas, eres hábil, multifácetico, razonador.', ' \r'),
(84, 3, 1, 4, 0, 'Tendencia a ser nervioso, inquieto, inseguro, cambiante.', ' \r'),
(85, 3, 1, 5, 0, 'Tienes capacidad para orientar a los demás como un guía;  ritualista.', ' \r'),
(86, 3, 2, 1, 0, 'Alta energía sexual que puede ocupar tus pensamientos con frecuencia.', ' \r'),
(87, 3, 2, 2, 0, 'Buscas relaciones que te brinden seguridad. Podrías ser infiel por causa de tu inseguridad.', ' \r'),
(88, 3, 2, 3, 0, 'Calculador, sigiloso, debes trabajar tu tendencia a no decir toda la verdad.', ' \r'),
(89, 3, 2, 4, 0, 'Puedes deprimirte con facilidad, lo que transmitir un mensaje de personalidad ambivalente e inclinación a  manipular.', ' \r'),
(90, 3, 2, 5, 0, 'Reflejas un halo sacerdotal, como un maestro guía. Te cargas de energía a través del manejo místico del acto sexual. ', ' \r'),
(91, 3, 3, 1, 0, 'Como eres capaz de comprender la fuerzas que componen el mundo físico, puedes dominar la materia;  La sabes usar y, por esta misma razón, generas muchas ideas para su utilización. ', ' \r'),
(92, 3, 3, 2, 0, 'Tienes tendencia a enamorarte de ideas y conceptos más que del objeto en sí mismo. Te gusta lo moderno. Hay un poco de inmadurez.', ' \r'),
(93, 3, 3, 3, 0, 'Sientes una necesidad de información constante. Debes trabajar en tu inclinación a mentir, que te puede crear una fama de disociador.', ' \r'),
(94, 3, 3, 4, 0, 'En ocasiones tienes pensamientos negativos dirigidos. Te puedes sentir rechazado y ofenderte fácilmente.', ' \r'),
(95, 3, 3, 5, 0, 'Buscas conexión con una energía superior a la que, al mismo tiempo, temes.  Eres inquieto para buscar fuentes de inspiración y proclive a participar de asociaciones espirituales.', ' \r'),
(96, 3, 4, 1, 0, 'Tienes inclinación a poner en práctica leyes espirituales y cumplir los mandamientos de la filosofía espiritual con la que simpatizas. Tienes capacidad capacidad para restringir tu sexualidad y dominar tus deseos.', ' \r'),
(97, 3, 4, 2, 0, 'Puedes espiritualizar la materia o deidificar una pareja. Te entregas a la causa que escoges.', ' \r'),
(98, 3, 4, 3, 0, 'Gran capacidad para desarrollar una causa o las ideas que te asignen. Te concentras fielmente, no te dispersas.', ' \r'),
(99, 3, 4, 4, 0, 'Las cosas ocultas te pueden ocasionar temor.', ' \r'),
(100, 3, 4, 5, 0, 'Puedes realizar actos de restricción o autocontrol por  fé, sin racionalizar. Sabes que hay que cumplir con la ley pero necesitas ayuda para expandir esta idea. ', ' \r'),
(101, 3, 5, 1, 0, 'Puedes desarrollar una tendencia a  esperar que los demás te suministren recursos, a ser dependiente; esto te hace muy hábil y oportunista para conseguir sus propósitos egoístas. Eres muy dinámico, con gran capacidad para el deporte.', ' \r'),
(102, 3, 5, 2, 0, 'A veces inestable, inseguro, conflictivo. Tendencia a cambiar de pareja porque dependes de la atracción física hacia ella.', ' \r'),
(103, 3, 5, 3, 0, 'Tienes habilidad comerciante; útil pero no especialista, sino que eres bueno para muchas cosas.', ' \r'),
(104, 3, 5, 4, 0, 'Inclinación a reaccionar ofensivamente, explosivo. Tendencia a esperar lo peor de una situación. Puedes ser infantil.', ' \r'),
(105, 3, 5, 5, 0, 'Ritualista, capaz de controlar tus deseos sexuales y prácticar elcelibat;,  dominio de la materia por abstención del deseo. Puedes ser influenciable.', ' \r'),
(106, 3, 6, 1, 0, 'Eres un líder natural, tus ideas son seguidas por otros, para bien o para mal. Tu presencia impone autoridad.', ' \r'),
(107, 3, 6, 2, 0, 'En ocasiones dudas mucho. Sientes que necesita de la aprobación de otros. ', ' \r'),
(108, 3, 6, 3, 0, 'Tienes una mente abierta, con ideas macro. Gran capacidad de ver lo que otros no ven. Expansión del pensamiento. Identificas usos imperceptibles.', ' \r'),
(109, 3, 6, 4, 0, 'Quieres abarcarlo todo. Te afecta sino te siguen. Tienes tendencia a tratar de imponer tu voluntad.Es importante que trabajes en ser más flexible.', ' \r'),
(110, 3, 6, 5, 0, 'Eres un guía que quieres que la humanidad prospere; suministra herramientas para lograr este objetivo. Preocupado por el medio ambiente y la salud. Tienes tendencia a interpretar y aplicar de manera fidedigna las leyes que rigen la comunidad y las disciplinas en las que te desenvuelves; por este motivo puedes ser inflexible. Eres fiel a tus creencias. ', ' \r'),
(111, 3, 7, 1, 0, 'Inclinación a no ser sincero sino oportunista y ventajoso; el bien personal es más importante que el de los demás. Este tipo de comportamiento puede causar rechazo por parte de otras personas. ', ' \r'),
(112, 3, 7, 2, 0, 'Como eres un poco frío y desapegado, hay posibilidad de utilizar los sentimientos de los demás para lograr propósitos propios.', ' \r'),
(113, 3, 7, 3, 0, 'Tienes ingenio, profundidad y precisión. Estás dotado de sabiduría para distinguir entre s el bien y en el mal. ', ' \r'),
(114, 3, 7, 4, 0, 'Debes controlar el cómo te afectan las cosas porque tienes tendencia a que por causa de un resentimiento, desarrolles pensamientos vengativo. ', ' \r'),
(115, 3, 7, 5, 0, 'Tienes tendencia a  admirar ídolos materiales.', ' \r'),
(116, 0, 0, 1, 3, 'Ligero, hábil, necesitas actividad. Fragilidad ante los vicios porque los puedes considerar  como estímulos necesarios..', ' \r'),
(117, 0, 0, 2, 3, 'Sientes la necesidad de estar acompañado. Puedes reaccionar de manera agresiva o no controlar estados de ira.', ' \r'),
(118, 0, 0, 3, 3, 'Grandes habilidades para vulnerar los sistemas establecidos, de manera negativa y positiva. Eres recursivo. ', ' \r'),
(119, 0, 0, 4, 3, 'Es posible que no te sientas del todo bien en ningún lugar; un poco inestable. ', ' \r'),
(120, 0, 0, 5, 3, 'Eres servicial pero, como quieres sacarle beneficio a todo, te gusta el reconocimiento.', ' \r'),
(121, 4, 1, 1, 0, 'Para ti es muy importante establecerte en un lugar y desarrollar una familia o una comunidad.', ' \r'),
(122, 4, 1, 2, 0, 'Te apegas emocionalmente con facilidad por que creas lazos fuertes con tu entorno, muy sensible, lo que te hace alterar con facilidad. Eres protector.', ' \r'),
(123, 4, 1, 3, 0, 'Tienes buena memoria, histórico, auunque esto hace que evoques el pasado con cierta frecuencia. Del pasado deduces el futuro.', ' \r'),
(124, 4, 1, 4, 0, 'Carácter variable, te tiendes a ofender con facilidad. Eres Intuitivo.', ' \r'),
(125, 4, 1, 5, 0, 'Quieres amparar a todos, suministrar materialmente a la humanidad para que todos estén bien. ', ' \r'),
(126, 4, 2, 1, 0, 'Debes controlar tus instintos, por que tiendes a dejarte llevar por las pasiones, los cuerpos, las figuras; eso hace que sepas apreciar el arte.', ' \r'),
(127, 4, 2, 2, 0, 'En ocasiones puede ser obsesivo e inseguro. No te gusta estar solo. ', ' \r'),
(128, 4, 2, 3, 0, 'Eres creativo. Usas tu ingenio para el beneficio de los demás. ', ' \r'),
(129, 4, 2, 4, 0, 'Estas dotado con persepción extrasensorial o, como dirían algunos, "un sexto sentido".', ' \r'),
(130, 4, 2, 5, 0, 'Haces tu mision personal el proporcionar amparo material a tu comunidad, familia y el mundo.', ' \r'),
(131, 4, 3, 1, 0, 'Los recursos físicos son medios para satisfacer tus necesidades pero no ves espiritualidad en cada uno de esos elementos.  Debes cultivar tu fe.', ' \r'),
(132, 4, 3, 2, 0, 'Le das mucho valor a las relaciones. La exteriorización de tus emociones depende de las respuestas del otro sujeto implicado en la relación.', ' \r'),
(133, 4, 3, 3, 0, 'Tu fidelidad genuina a una causa o persona depende más del beneficio que puedad obtener. ', ' \r'),
(134, 4, 3, 4, 0, 'Tendencia a dejarte manipular porque tienes tendencia a no debilitarte ante la critica. ', ' \r'),
(135, 4, 3, 5, 0, 'Crédulo, sientes necesidad de seguir a un lider.', ' \r'),
(136, 4, 4, 1, 0, 'Buscas el bien efectivo para tu comunidad; quiere sacarle provecho a todo para el bien del entorno. ', ' \r'),
(137, 4, 4, 2, 0, 'Puedes llegar a ser autoritario e impositivo. Tu dedicación a un objetivo se puede volver obsesiva y fanática. ', ' \r'),
(138, 4, 4, 3, 0, 'Conectarse racionalmente con los misterior del universo y su funcionamiento; entendimiento y percepeción.', ' \r'),
(139, 4, 4, 4, 0, 'Te da temor pensar en ser juzgado por tus acciones, inseguridad. ', ' \r'),
(140, 4, 4, 5, 0, 'Convecimiento de la existencia de un mundo espiritual. Ejerces tu liderazgo natural de manera inconsciente; algunas veces no sabes que eres un líder.', ' \r'),
(141, 4, 5, 1, 0, 'Es posible que pienses que toda acción debe tener una consecuencia obligatoria y quieras ser un canal para esta respuesta, tomando la ley por tus manos arriesgándote a ser arbitrario. Eres un guerrero espiritual que sigues una doctrina establecida. ', ' \r'),
(142, 4, 5, 2, 0, 'Puedes ser reactivo y explosivo; buscas una causa, algo por que pelear.', ' \r'),
(143, 4, 5, 3, 0, 'Eres ingenioso y propones soluciones porque eres capaz de aprovechar los recursos materiales con los que cuentas y transformarlos. Por esta razón, tienes habilidades para construir estructuras grandes.', ' \r'),
(144, 4, 5, 4, 0, 'Puedes tener episodios de ira frente a alguna situación; esta reacción te hace comportar de manera ofensiva con los demás. ', ' \r'),
(145, 4, 5, 5, 0, 'La idea de un ser superior debe ser representada físicamente, como en imágenes; tendencia a usar estas representaciones materiales para idolatrarlas.', ' \r'),
(146, 4, 6, 1, 0, 'Filántropo, concentras el esfuerzo de tu ayuda en un campo; un benefactor enfocado. ', ' \r'),
(147, 4, 6, 2, 0, 'Eres agradecido y leal, te apega por gratitud a una persona. Valoras a un a persona por sus acciones sin dejarte influenciar por su apariencia física.', ' \r'),
(148, 4, 6, 3, 0, 'Justo, ecuánime. Tienes capacidad de valorar las situaciones que se te presentan con equidad. Habilidad para distribuir con justicia lo que le toca a cada uno.', ' \r'),
(149, 4, 6, 4, 0, 'Tendencia a ser exagerado; magnificas las cosas. ', ' \r'),
(150, 4, 6, 5, 0, 'Eres una persona humanitaria; luchas por la justicia de la sociedad.', ' \r'),
(151, 4, 7, 1, 0, 'Puedes ser una persona de extremos, que pasa del amor al odio, o construyes o destruyes. ', ' \r'),
(152, 4, 7, 2, 0, 'Capaz de amar lo que los demás desprecian porque tu concepto de la belleza física  esdiferente. Aunque valoras la esencia de la manifestaciones materiales, te apegas a la forma que envuelve a esa esencia. Tendencia a tener algún tipo de fetiche.', ' \r'),
(153, 4, 7, 3, 0, 'Sabiduría para entender de manera científica la composición y estructura de la materia. Puedes llegar hasta su nivel más profundo.', ' \r'),
(154, 4, 7, 4, 0, 'Puedes parecer frío, no demuestrar emociones. No expresivo. ', ' \r'),
(155, 4, 7, 5, 0, 'Te preocupa  la conservación de la humanidad, pero puedes volverte indiferente según te convenga.', ' \r'),
(156, 0, 0, 1, 4, 'Tienes habilidad manual para construir cosas; capaz de trabajar en condiciones dificiles. Si la situación lo requiere, puede abusar de tu poder y aprovecharte de la necesidad de alguién explotándolo.', ' \r'),
(157, 0, 0, 2, 4, 'Te gusta proteger a tu entorno social, tienes un sentido maternal. Eres un buen anfitrión de reuniones sociales, disfrutas viendo a la gente contenta.', ' \r'),
(158, 0, 0, 3, 4, 'Tienes una mente asociativa, formas grupos.  Evocas el pasado con frecuencia.', ' \r'),
(159, 0, 0, 4, 4, 'le das importancia al aspecto sexual de tus relaciones.', ' \r'),
(160, 0, 0, 5, 4, 'Debes usar tu alta percepción e importancia que le das al acto sexual y convertirlo en una herramienta para conectarte con niveles de energía superiores. Por esta razón debes ser selectivo y percibir el estado de armonía de las personas con las que interactuas con este fin.', ' \r'),
(161, 5, 1, 1, 0, 'Eres capaz de idear usos equilibrados de los recursos materiales como medio de conectar con un propósito o misión más sutil. Alegría, optimismo, liderazgo.', ' \r'),
(162, 5, 1, 2, 0, 'Tienes tendencia a ser impositivo y dominante porque puedes pensar que tienes la razón y quieres que todo gire a tu alrededor; te sientes eje y centro de todo.', ' \r'),
(163, 5, 1, 3, 0, 'Eres creativo y recursivo; entiendes que el proceso de manifestación de las ideas en el mundo físico requiere de un proceso articulado. Investigador curioso.', ' \r'),
(164, 5, 1, 4, 0, 'Como jefe puedes actuar con tiranía en algunas ocasiones; es posibles que sientas que, sin serlo, tienes derecho a ser jefe y actuas de esa manera, sin importarte que esta actitud pueda traer consecuencias negativas para ti. Tienes tendencia a defender tu orgullo.', ' \r'),
(165, 5, 1, 5, 0, 'Tienes liderazgo y puedes ser un guía espiritual.', ' \r'),
(166, 5, 2, 1, 0, 'Es posible que no sientas la necesidad de tener una pareja estable o la obligación de fidelidad a una sola persona; esto puede hacer que malgastes la oportunidad de usar el acto sexual como medio de conexión con mundos superiores por el mal manejo de esta energía. Necesitas ser reconocido.', ' \r'),
(167, 5, 2, 2, 0, 'Te gusta sentirte admirado, ser reconocido como el eje de la relación y, que como tal, se te otorgue importancia en la toma de decisiones, que se te consulte todo.', ' \r'),
(168, 5, 2, 3, 0, 'Eres un negociante hábil, recursivo, creador de empresas para producir dinero. ', ' \r'),
(169, 5, 2, 4, 0, 'Tu percepción está muy desarrollada, con capacidad de  captarla energía que envuelve y proyecta una persona.', ' \r'),
(170, 5, 2, 5, 0, 'Puedes erigirte como un patriarca que da todo por su pueblo y vence la adversidad, porque tienes una capacidad de resistir o rechazar los aspectos negativos del entorno  de donde procede. Facilidad de regeneración y levantarte después de un revés.', ' \r'),
(171, 5, 3, 1, 0, 'Tendencia a dejarte llevar por las inclinaciones del mundo material; fidelidad al mundo de los sentidos', ' \r'),
(172, 5, 3, 2, 0, 'Eres un gran admirador de la belleza física, lo que crea la posibilidad de enamorarte de un atributo físico de una persona.', ' \r'),
(173, 5, 3, 3, 0, 'Estás dotado de genialidad,  científico, y esto te permite utilizar la materia con sabiduría.', ' \r'),
(174, 5, 3, 4, 0, 'Tienes facilidad para entender sicológicamente a las personas. Estas dotado con habilidad para investigar el comportamiento humano racionalmente.', ' \r'),
(175, 5, 3, 5, 0, 'Te inclinas a no reconocer la existencia de ningún tipo de Dios metafísico, un poco de ateismo, sino que Dios es lo que vemos y demostramos. ', ' \r'),
(176, 5, 4, 1, 0, 'La gente tiende a seguirte porque proyectas credibilidad. Irradias armonía y siempre estás listo para ayudar.', ' \r'),
(177, 5, 4, 2, 0, 'Te sacrificas por el ser amado; hay fidelidad.', ' \r'),
(178, 5, 4, 3, 0, 'Eres humanitario, buscas el buienestar de los demás. Te generar un buen ambiente en todo aquello en lo que te desenvuelves. Eres conciliador.', ' \r'),
(179, 5, 4, 4, 0, 'Eres prudente, pausado; reflejas calma. No reaccionas inmediatamente.', ' \r'),
(180, 5, 4, 5, 0, 'Eres un líder que persigues imponer la armonía y el bien en el mundo.', ' \r'),
(181, 5, 5, 1, 0, 'Eres un conquistador, un guerrero. Luchas por una causa, sea justa o injusta, pero eres fiel a ella.', ' \r'),
(182, 5, 5, 2, 0, 'Tiendes a ser un poco extremista, pero fiel a una pareja porque ella se convierte en tu causa a defender. Puedes ser obsesivo y/o celoso.', ' \r'),
(183, 5, 5, 3, 0, 'Tienes habilidades para la ingeniería. Creativo, arriesgado. Te enfrentas a obstáculos con valentía. Capaz de aplicar una disciplina similar a la militar a tus asuntos.', ' \r'),
(184, 5, 5, 4, 0, 'Eres valiente, osado, arriesgado y sin temor. ', ' \r'),
(185, 5, 5, 5, 0, 'Puedes llegar a ser un Gurú espiritual. Capaz de defende tu causa por cualquier medio necesario, así sea con violencia. Obedicencia espiritual,  cumple las normas de la filosofía que sigues.', ' \r'),
(186, 5, 6, 1, 0, 'Suministras ayuda al que te busca; te sientes abundante para dar y compartir.', ' \r'),
(187, 5, 6, 2, 0, 'Entiendes las causas de los demás porque te pones en el lugar del otro.', ' \r'),
(188, 5, 6, 3, 0, 'Tiendes a pensar en grande, con visión macro y entendimiento de lo que no se vé inmediatamente. Prevees consecuencias.', ' \r'),
(189, 5, 6, 4, 0, 'Respeto y/o temor a un ser superior porque consideras que cada causa tiene un efecto y eres capaz de percebir cosas que otros no pueden ver. Estudioso de libros y fenómenos ocultos.', ' \r'),
(190, 5, 6, 5, 0, 'Tienes tendencia a ser una persona creyente y con mucha fe.', ' \r'),
(191, 5, 7, 1, 0, 'estás diseñado para vivir enfrentándote a terrenos inóspitos. Tienes potencia física y facilidad de adapatación al medio. Capaz de usar ayunos extremos como medio para conectarte con la energía universal y revelar luz, porque puedes llegar a dominar tu cuerpo y controlar sus instintos.', ' \r'),
(192, 5, 7, 2, 0, 'Quieres ayudar a los demás, estás listo para socorrer. Crees que serás capaz de imponerte sobre el destino y crear uno no escrito a partir de tus acciones y actitudes.', ' \r'),
(193, 5, 7, 3, 0, 'Dudas, todo lo cuestionas y criticas. Eres perfeccionista.', ' \r'),
(194, 5, 7, 4, 0, 'En ocasiones te puede faltar confianza en tí mismo, falta de convicción.', ' \r'),
(195, 5, 7, 5, 0, 'Sientes la necesidad de identificarse con una doctrina. Tienes firmeza. Capaz de generar corrientes místicas a partir de una línea base que dominas muy bien.', ' \r'),
(196, 0, 0, 1, 5, 'Necesitas sobresalir, sentirse bien físicamente.', ' \r'),
(197, 0, 0, 2, 5, 'Eres territorial, familiar;  es importante para ti que tu entorno inmediato sea impenetrable.', ' \r'),
(198, 0, 0, 3, 5, 'Eres estratégico, astuto y calculador. Te gusta crear  comunidad, generar roles. ', ' \r'),
(199, 0, 0, 4, 5, 'Eres tranquilo pero reactivo, puedes pasar a la ira con facilidad. En situaciones extremas puede llegar s ser violento', ' \r'),
(200, 0, 0, 5, 5, 'Todo lo sacrificas por tu familia, trabajas para ellos. La familia lo es todo y te cuesta alejarte del entorno familiar. Eres un dador, suministras y sostienes a los que consideras tu familia.', ' \r'),
(201, 6, 1, 1, 0, 'Es recomendable que seas capaz de controlar tu energía sexual. Eres místico por naturaleza, capaz de ser un canal de revelación de luz. Puedes administrar recursos de manera inteligente.', ' \r'),
(202, 6, 1, 2, 0, 'Respondes con facilidad a estímulos materiales porque te atrae; tendencia a manifestar apegos emocionales fuertes. Debes trabajar en  desarrollar tu capacidad de desprendimiento.', ' \r'),
(203, 6, 1, 3, 0, 'Se te puede considerar como una persona con habilidades para planificar y organizar. Eres crítico y tienes buena capacidad de análisis.', ' \r'),
(204, 6, 1, 4, 0, 'Algunas veces puedes parecer una persona fría o con dureza. Inicialmente das mucho valor a lo que perciben tus sentidos. Positivista.', ' \r'),
(205, 6, 1, 5, 0, 'Tendencia a la incredulidad, pero también místico. Eres un sanador que es capaz de armonizar y mejorar cosas que parecen imposibles. Poder de meditación.', ' \r'),
(206, 6, 2, 1, 0, 'Puedes ser capaz de convertir a tu esceptisismo en misticismo. Pareciera que la ley de causa y efecto se manifestara de manera inmediata, siendo cada acción que realizas la generadora de tu destino inmediato.', ' \r'),
(207, 6, 2, 2, 0, 'Te apegas a cosas materiales porque lo que representan para ti, su significado simbólico..', ' \r'),
(208, 6, 2, 3, 0, 'Tienes gran capacidad para combinar y mezclar de manera precisa los elementos necesarios para componer cosas nuevas. Tienes el poder de decodificar la potencia espiritual de la materia, entiendes su propósito más elevado.', ' \r'),
(209, 6, 2, 4, 0, 'Te importa el qué dirán; le das mucha importancia tener status y solvencia material.', ' \r'),
(210, 6, 2, 5, 0, 'Tienes la capacidad de revelar fuerzas metafísicas que pertenecen a los polos negativo y positivo del universo, dependiendo  de tu propio propósito; esto de debe a tu poder de conexión con energías más sutiles.', ' \r'),
(211, 6, 3, 1, 0, 'Tendencia a dejarse dominar por el aspecto negativo de la materia. El tener por tener. La sobrevaloración del mundo de los sentidos', ' \r'),
(212, 6, 3, 2, 0, 'Te gusta y tienes habilidad para modificar la materia para embellecerla. Puedes emplear mucho tiempo en la creación de mundos ficticios. ', ' \r'),
(213, 6, 3, 3, 0, 'Eres racional e inteligente. Tienes la habilidad para crear algo desde cero y generar abundancia.', ' \r'),
(214, 6, 3, 4, 0, 'Sacas el máximo provecho a todo, aunque esto signifique ejercer tu habilidad de manipulación. Tendencia a exigir el rendimiento máximo de tus subalternos, dando más importancia a los resultados que a la parte humana.', ' \r'),
(215, 6, 3, 5, 0, 'Puedes crear de ídolos y adorar imágenes como consecuencia del apego material a algo, la necesidad de un símbolo material.', ' \r'),
(216, 6, 4, 1, 0, 'Eres un benefactor genuino que busca el bienestar de los demás porque sabes el poder que tiene aprender a desprenderte y compartir.', ' \r'),
(217, 6, 4, 2, 0, 'Capaz de ssoportar sufrimiento porque es parte de elevar al alma. Se entrega por el bienestar del otro con conocimiento de causa.', ' \r'),
(218, 6, 4, 3, 0, 'Buscas que todos se beneficien de los recursos naturales, porque tu objetivo es que las necesidades básicas estén cubiertas.', ' \r'),
(219, 6, 4, 4, 0, 'Te interesan las causas de las organizaciones humanitarias. Defiendes los derechos humanos', ' \r'),
(220, 6, 4, 5, 0, 'Tienes fe y eres crédulo en aquello que consideras una causa justa. ', ' \r'),
(221, 6, 5, 1, 0, 'Tendencia a querer todo con el menor esfuerzo. Es posible que tengas un fuerte deseo de recibir que debes usar para revelar la energía positiva, transformándolo mediante la voluntad de compartir las bondades de lo que recibes. Muy convencido y seguro de lo que piensas y crees que tienes derecho.', ' \r'),
(222, 6, 5, 2, 0, 'Defiendes lo que crees que te pertenece; puedes ser muy celoso, y también de reaccionar de manera violenta.', ' \r'),
(223, 6, 5, 3, 0, 'Eres disciplinado, rígido y estrátegico.', ' \r'),
(224, 6, 5, 4, 0, 'Tenedencia a ser reactivo; eres prevenido. ', ' \r'),
(225, 6, 5, 5, 0, 'Puedes desarrollar tu espiritualidad en forma de culto a la deidad, basado en la manifestación material de la misma, un símbolo de su expresión física.', ' \r'),
(226, 6, 6, 1, 0, 'Eres bondadoso y servicial , simpre queriendo hacer el bien.', ' \r'),
(227, 6, 6, 2, 0, 'Mnifiestas el amor de manera incondicional; eres tolerante.tolerante', ' \r'),
(228, 6, 6, 3, 0, 'Piensas en construir obras magnas para el bien de la humanidad.', ' \r'),
(229, 6, 6, 4, 0, 'Eres encantador, tienes popularidad y fuerza para que los grupos te sigan. Necesitas que te reconozcan.', ' \r'),
(230, 6, 6, 5, 0, 'Quieres expandir tu filosofía porque quieres guiar por el camino del bien, según tu propio concepto del bien.', ' \r'),
(231, 6, 7, 1, 0, 'Tienes una energía sexual alta; debes ser capaz de dominar esta energía y no dejarte controlar por sus impulsos.', ' \r'),
(232, 6, 7, 2, 0, 'Puede parecerte difícil diferenciar entre estar enamorado o muy atraído sexualmente por alguien.', ' \r'),
(233, 6, 7, 3, 0, 'Tienes gran capacidad para explotar la tierra y obtener de ella sus máximos recursos(minero, sal, recursos naturales). También tienes potencial para ser un investigador muy profundo.', ' \r'),
(234, 6, 7, 4, 0, 'En ocasiones puedes ser un poco pesimista y contagiar esto a los demás. Debes trabajar en creer más  en  qlos resultados', ' \r'),
(235, 6, 7, 5, 0, 'Tienes tendencia a seguir la tradición que se te ha impuesto desde tu núcleo familiar, pero debes estar atento a no escuchar otros enfoques y parecer terco. Dentro de esa tradición puedes convertirte en un sabio.', ' \r'),
(236, 0, 0, 1, 6, 'Proyectas una imagen juvenil y fresca; reflejas inocencia inocencia.', ' \r'),
(237, 0, 0, 2, 6, 'Puedes ser que te sientas muy apegado a alguíen o algo, inclusive al concepto de lo que para ti representa Dios.', ' \r'),
(238, 0, 0, 3, 6, 'Demuestras interés al conocimiento de algo en su apariencia física, pero debe comprobarse.', ' \r'),
(239, 0, 0, 4, 6, 'Te ves tranquilo, transmites paz, pero puedes albergar internamente impulsos sexuales alterados que te cuesten trabajo controlar.', ' \r'),
(240, 0, 0, 5, 6, 'Puedes transmitir una imagen de persona devota y, al mismo tiempo, tolerante o otros cultos; pero en el interior no eres tan tolerante sino un poco sesgado.', ' \r'),
(241, 7, 1, 1, 0, 'Tienes tendencia a ser un poco ventajoso y no te detenerte a penar mucho si algo es justo o  injusto, lo que importa es que puedad obtener el beneficio para tí mismo que estás buscando. Tienes inclinación a interesarte por la moda y la belleza en general. Tienes habilidad para combinar colores y estilos y hacer que algo se vea bien.', ' \r'),
(242, 7, 1, 2, 0, 'Puedes ser un poco materialista;  amas la belleza física y los beneficios que sientes que esta proporciona.', ' \r'),
(243, 7, 1, 3, 0, 'Eres racional, preciso, con habilidad matemática.', ' \r'),
(244, 7, 1, 4, 0, 'Tienes a ser reactivo; es posible que en la relación con tus subalternos sólo importen tus necesidades y quieras que se satisfagan por encima de todo. ', ' \r'),
(245, 7, 1, 5, 0, 'Eres generoso y podrías convertirte en  un gran defensor de la justicia en general, velando porque las leyes que rigen a una comunidad sean para el beneficio de la misma.', ' \r'),
(246, 7, 2, 1, 0, 'Te gusta la belleza. Es importante para ti ser reconocido por tu apariencia física otu forma deexquisita de vestir.', ' \r'),
(247, 7, 2, 2, 0, 'Es posible que debas trabajar en ser más sincero; a veces eres un poco inestable e inseguro. Tiendes a perder el equilibrio con facilidad..', ' \r'),
(248, 7, 2, 3, 0, 'Capacidad para formular las normas que deben regular una comunidad. En ocasiones puedes ser extremista y dominante, con capacidad de manipular para lograr tus objetivos.', ' \r'),
(249, 7, 2, 4, 0, 'Puede ser importante para ti la aplicación de sanciones a todo aquel que no se comporte o haga algo que tu esperabas que debía hacer. Ejecutas justicia. ', ' \r'),
(250, 7, 2, 5, 0, 'Aplicas tu habilidades como organizador y planificador para prever lo que tu entorno social necesita y asegurarte que no falte nada. Quieres el bienestar de la humanidad.', ' \r'),
(251, 7, 3, 1, 0, 'Disfruta de las comodidades, del estatus, la moda y sus marcas reconocidadas. Puedes ser un poco elitista.', ' \r'),
(252, 7, 3, 2, 0, 'Tiendes a mostrar tu estatus a través de los bienes que tienes, como lucir joyas, exhibir artículos lujosos. Puedes dejarte deslumbrar por este tipo de objetos.', ' \r'),
(253, 7, 3, 3, 0, 'Tienes habilidad para los negocios, sabes sacar ventaja. Eres capaz de liderar negocios grandes.', ' \r'),
(254, 7, 3, 4, 0, 'Tiendes a  sentir la necesidad de ocupar un puesto en sociedad y no tenerlo puede desequilibrarte.', ' \r'),
(255, 7, 3, 5, 0, 'Eres un fiel seguidor de una filosofía o creencia, en que se puede confiar para llevar a cabo una misión.', ' \r'),
(256, 7, 4, 1, 0, 'Eres bondadoso, justo, seguro y transparente. Te gusta sentirtebien vestido.', ' \r'),
(257, 7, 4, 2, 0, 'Se te puede considerar una persona cariñosa que puede sentirse eternamente enamorada de su pareja; te sacrificas por tu pareja.', ' \r'),
(258, 7, 4, 3, 0, 'Eres un estratega preciso; se te ocurren ideas positivas para bien de los demás. Haces las cosas por amor, pero entiendes que se logran a través de la disciplina y el cumplimiento de normas.', ' \r'),
(259, 7, 4, 4, 0, 'En ocasiones eres muy sensible y te sientes afectado fácilmente; esto puede generar altibajos de autoestima y cree que el mundo esta contra ti.', ' \r'),
(260, 7, 4, 5, 0, 'Eres justo, fiable y te gusta prestar ayuda y apoyo a los demás. Tienes capacidad para dar consejos o ser un orientador social.', ' \r'),
(261, 7, 5, 1, 0, 'En ocasiones puedes parecer una persona que puede reaccionar con violencia y hacer justicia por su propia mano. Eres fiel a una causa y la defiendes con vehemencia. No debes olvidar que no siempre tienes la razón. ', ' \r'),
(262, 7, 5, 2, 0, 'Te sientes atraido por la materia y le das mucho valor a disfrutar de comodidades.', ' \r'),
(263, 7, 5, 3, 0, 'Tienes capacidad de investigación; exploras sin temor.', ' \r'),
(264, 7, 5, 4, 0, 'En ocasiones eres temperalmental, actuas y luego piensas. ', ' \r'),
(265, 7, 5, 5, 0, 'Crees en lo que ves, ya sea físico o metafísico; lo que importa es que se pueda probar.', ' \r'),
(266, 7, 6, 1, 0, 'Tiendes a ser generoso materialmente, quieres tener para compartir.', ' \r'),
(267, 7, 6, 2, 0, 'Eres prudente y equilibrado.', ' \r'),
(268, 7, 6, 3, 0, 'Se te puede considerar como una persona cosmopolita; piensa en realizar proyectos grandes.', ' \r'),
(269, 7, 6, 4, 0, 'Te angustias cuando no puedes proveer a los demás de lo que tu quieres. Te puedes deprimir.', ' \r'),
(270, 7, 6, 5, 0, 'Sigues al pie de la letra las normas de una fe. Eres un líder que tiene como base la aplicación de preceptos tradicionales.', ' \r'),
(271, 7, 7, 1, 0, 'Estableces los límites y marcos de referencia de un campo científico o del comportamiento del ser humano. Legislas, impones y dominas.', ' \r'),
(272, 7, 7, 2, 0, 'Puedes ser en ocasiones obsesivo, posesivo ydominante.', ' \r'),
(273, 7, 7, 3, 0, 'Eres inteligente y preciso, con habilidad para ser alcanzar sabiduría en un campo científico.', ' \r'),
(274, 7, 7, 4, 0, 'Te impones retos elevados y no descansas hasta conseguirlos. Tiendes a desesperarte si no tienes lo que quieres.', ' \r'),
(275, 7, 7, 5, 0, 'Aportas nuevas filosofías y tendencias. Juzgas y tiendes a pensar que lo puedes hacer mejor o que la humanidad no está haciendo bien.', ' \r'),
(276, 0, 0, 1, 7, 'Puede que seas capaz de humillarte si eso es necesario para conseguir tu objetivo. Aunque puedes tender a ser un poco violento, no te muestras de esta manera. Inclinación a ejecuta la ley.', ' \r'),
(277, 0, 0, 2, 7, 'Eres amante de los placeres, pero te puedes dejar llevar por esta inclinación.', ' \r'),
(278, 0, 0, 3, 7, 'Se te considera una persona con estilo. Te gusta la armonía y por eso puedes organizar espacios y entornos que expresen esta calidad. ', ' \r'),
(279, 0, 0, 4, 7, 'Tiendes a creer que necesita placeres y comodidades para sentirte bien.', ' \r'),
(280, 0, 0, 5, 7, 'Puedes ser fanático y cerrado cuando encuentras una filosofía con la que te identificas.', ' \r'),
(281, 8, 1, 1, 0, 'Tienes una necesidad intensa de obtener todo aquello que deseas; es recomendable que puedas equilibrar tu energía sexual, porque el control sobre ella te ayudará a armonizar este deseo intenso, a veces exagerado, de tener. ', ' \r'),
(282, 8, 1, 2, 0, 'Eres apasionado y vives con mucha intensidad tus relaciones.', ' \r'),
(283, 8, 1, 3, 0, 'Tu habilidad como para investigar profundamente te lleva a descubrir cosas nuevas y abrir puertas que nuca se han abierto. Estás dotado de una gran profundidad de pensamiento.', ' \r'),
(284, 8, 1, 4, 0, 'En ocasiones puede parecer que eres frío y te expresas con dureza.', ' \r'),
(285, 8, 1, 5, 0, 'Puedes convertirte en un gran maestro que busca respuestas en lo más profundo de su ser, usando el silencio para conectarte. Puedes llegar niveles muy profundos de meditación y alcanzar estados muy elevados de consciencia.', ' \r'),
(286, 8, 2, 1, 0, 'Las pasiones físicas pueden descontrolarse fácilmente. ', ' \r'),
(287, 8, 2, 2, 0, 'Tienes tendencia a enamorarte de la parte física de una persona, como su apariencia, entorno en el que se desarrolla, éxito profesional. La otra persona puede simbolizar un beneficio material, no necesariamente dinero.', ' \r'),
(288, 8, 2, 3, 0, 'Tienes una habilidad mental envidiable. Eres capaz de conseguir recursos con facilidad para beneficio propio.', ' \r'),
(289, 8, 2, 4, 0, 'En ocasiones sientes que tienes habilidad para antipar  hechos o el resultado de alguna situación; es una especie de premonición o sexto sentido.', ' \r'),
(290, 8, 2, 5, 0, 'Puedes ser místico, religioso y, sino mantienes el equilibrio, un fanático.', ' \r'),
(291, 8, 3, 1, 0, 'Eres un mago  innato que tiene poder sobre la materia y eres capaz de modificarla para usarla de la manera que más te beneficie.', ' \r'),
(292, 8, 3, 2, 0, 'En ocasiones puedes albergar sentimientos de venganza o inclinación a reaccionar negativamente. Te pueden percibir con una persona caprichosa.', ' \r'),
(293, 8, 3, 3, 0, 'Eres muy racional y te gusta imponer tus criterios, establecer tus propias reglas.', ' \r'),
(294, 8, 3, 4, 0, 'Tienes habilidades para descubrir misterios y tiendes a pensar que siempre hay algo oculto.  Estás dotado con percepción extraasensorial. ', ' \r'),
(295, 8, 3, 5, 0, 'Usas elementos materiales como medios de conexión con estados más elevados de consciencia. ', ' \r'),
(296, 8, 4, 1, 0, 'Tienes capacidad para abstenerte y restringir tus deseos si es para el bien de los demás. Eres un canal físico, con habilidades sacerdotales, que sirve de referencia a su comunidad.', ' \r'),
(297, 8, 4, 2, 0, 'Desapego y sacrificio personal por el bien de su causa emocional.', ' \r'),
(298, 8, 4, 3, 0, 'Tienes capacidad para descifrar los misterior de las tradiciones ocultas y revelarlos para el bien de la humanidad.', ' \r'),
(299, 8, 4, 4, 0, 'Eres capaz de comprender las complicaciones de la psiquis del ser humano y sus origenes instintivos.', ' \r'),
(300, 8, 4, 5, 0, 'Te preocupas por la preservación y transmisión de filosofías ocultas. Puedes impulsar la creación de nuevos centros espirituales.', ' \r'),
(301, 8, 5, 1, 0, 'Puedes ser percibido como conflictivo y un poco elitista.', ' \r'),
(302, 8, 5, 2, 0, 'Tienes una alta valoración de ti mismo; te gusta creer que eres el centro de atracción', ' \r'),
(303, 8, 5, 3, 0, 'Tienes tendencia a tener un punto de vista propio, imponerlo y no aceptar los argumentos de los demás . A veces eres un poco terco.', ' \r'),
(304, 8, 5, 4, 0, 'Te tiendes a enojar cuando no se te da la razón y reaccionar de manera airada.', ' \r'),
(305, 8, 5, 5, 0, 'Luchas por tu causa hasta ganar. Eres un guerrero espiritual que necesita un líder que te indique el camino.', ' \r'),
(306, 8, 6, 1, 0, 'Puedes ejercer como guía o patriarca de tu comunidad; la gente te ve con respeto y jerarquía. ', ' \r'),
(307, 8, 6, 2, 0, 'Inicialmente no sientes la necesidad de tener una sola pareja o la justificación del concepto de fidelidad. Tienes capacidad para decir lo que el momento pide para obtener lo tu objetivo, sin importar tanto si es cierto o no. A medida que vas madurando, puedes convertirte en una persona muy fiel.', ' \r'),
(308, 8, 6, 3, 0, 'Te interesa estudiar temas o problemáticas grandes que impactan de manera global; tienes habilidad para sobresalir en las ciencias humanistas. Te interesa  preservar las memoria histórica de la humanidad manifestada en grandes obras.', ' \r'),
(309, 8, 6, 4, 0, 'Como tienes habilidad para influenciar a las personas, puedes manipular para conseguir tus objetivos; una causa injusta la puedes hacer parecer justa. ', ' \r'),
(310, 8, 6, 5, 0, 'Te puedes convertir en un líder espiritual que establece las reglas de su corriente filosófica.', ' \r'),
(311, 8, 7, 1, 0, 'Eres magnético, generas una atracción que no depende de la apariencia física.', ' \r'),
(312, 8, 7, 2, 0, 'En ocasiones tus reacciones están controladas por tus instintos. Puedes sentirte atraido por alguién porque se ajusta a algún tipo de fetiche que mantienes en secreto. Tienes que trabajar más en sentirte seguro y proyectarlo.', ' \r'),
(313, 8, 7, 3, 0, 'Eres una persona inteligente por naturaleza que, además, es capaz de descubrir el origen de las cosas en que se propone investigar.', ' \r'),
(314, 8, 7, 4, 0, 'Se te puede considerar calculador , frío y muy resistente. tiendes a creer que las acciones negativas traen consecuencias porque hay leyes que no son de este mundo. Te puedes cambiar de filosofía por conveniencia.', ' \r'),
(315, 8, 7, 5, 0, 'Sientes necesidad de buscar los caminos de la conexión espiritual. Sabes que hay algo más allá que la existencia del plano físico.', ' \r'),
(316, 0, 0, 1, 8, 'Tienden a considerarte como una persona atractiva que por tu magnetismo captas la atención de las personas.', ' \r'),
(317, 0, 0, 2, 8, 'Te gustar ser la parte dominate de una relación sentimental, pero debes de no confundirlo con abuso. Tienes tendencia a no apegarte demasiado a una pareja. ', ' \r'),
(318, 0, 0, 3, 8, 'Eres astuto, estratégico y con capacidad de aplicar estas habilidades para el bien o para el mal.', ' \r'),
(319, 0, 0, 4, 8, 'Tienes capacidad para intuir lo que el otro va a hacer y sacar ventaja de esto.', ' \r'),
(320, 0, 0, 5, 8, 'Eres capaz de sacrificar tu cuerpo por tu causa; hasta el extremo de entregar tu propia vida.', ' \r'),
(321, 9, 1, 1, 0, 'Eres curioso y observador, un viajero mental racionalizando lo que ve. Te gusta adquirir conocimiento.', ' \r'),
(322, 9, 1, 2, 0, 'Tiendes a ser un protector que desea amparar al otro, suministrándo todo lo que esté a tu alcance. El amor lo expresas de manera racional.', ' \r'),
(323, 9, 1, 3, 0, 'Tienes una visión amplia de una situación, con capacidad para ver más allá, el cuadro completo. Está habilidad no manejada adecuadamente te puede hacer, en ocasiones, un poco exagerado.', ' \r'),
(324, 9, 1, 4, 0, 'En ocasiones eres inestable, y depresivo. Con tendencia a ejercer el rol de víctima. Eres un sanador en potencia.', ' \r'),
(325, 9, 1, 5, 0, 'Buscas, de manera vocativa, conocer y entender la existencia de una energía superior e interpretas dicho conocimiento con un acto de fe.  ', ' \r'),
(326, 9, 2, 1, 0, 'Tiendes a sentirte el jefe en todo, pero en ocasiones, buscas ese liderazgo para tu beneficio exclusivamente, dejando de lado el interés de los demás.', ' \r'),
(327, 9, 2, 2, 0, 'Eres dominante pero con tendencia depremirte. Consideras que tienes la pultima palabra y se debe hacer lo que tú dices.', ' \r');
INSERT INTO `plano_signo_planeta` (`id_plano_signo_planeta`, `id_signo_zodiacal`, `id_planeta`, `id_plano`, `id_ascendente`, `desc_tendencia_es`, `desc_tendencia_en`) VALUES
(328, 9, 2, 3, 0, 'Eres proclive a respaldar ideas que parecen descabelladas, buscando una oportunidad para mostrar tu visión amplia y capacidad de ver lo que otros no ven, pero también para llamar la atención.', ' \r'),
(329, 9, 2, 4, 0, 'Tienes habilidad premonitoria. Puedes deprimirte si no se concretan tus ideas.', ' \r'),
(330, 9, 2, 5, 0, 'Preparación y orden en todos los aspectos de la filosofía en que crees.', ' \r'),
(331, 9, 3, 1, 0, 'Eres hábil para conseguir recursos materiales. A partir del conocimiento profundo, eres capaz de entender y someter la manifestación material del mundo que te rodea.', ' \r'),
(332, 9, 3, 2, 0, 'En ocasiones tiendes a manipular; eres una persona encantadora pero debes esforzarte para siempre comportarte con honestidad. ', ' \r'),
(333, 9, 3, 3, 0, 'Eres muy hábil, rápido, calculador y versátil.', ' \r'),
(334, 9, 3, 4, 0, 'En ocasiones puedes ser nervioso e intranquilo. Puedes juzgarte a ti mismo de manera muy severa. Te gusta llamar la atención.', ' \r'),
(335, 9, 3, 5, 0, 'Una vez te identificas con alguna doctrina, te encargas de divulgar sus ideas para que se mantenga vigente y no sean olvidadas sus enseñanzas.', ' \r'),
(336, 9, 4, 1, 0, 'Eres estricto, disciplinado y honesto; en ocasiones, puedes no ver sino tu propio punto de vista. ', ' \r'),
(337, 9, 4, 2, 0, 'Admiras a tu pareja y la puedes ver como alguien casi perfecto; esto hace que tiendas a crear lazos muy fuertes hacia ella que te cuesten romper.', ' \r'),
(338, 9, 4, 3, 0, 'Te especializas y concentras en un campo, en dónde creas tus propias normas.', ' \r'),
(339, 9, 4, 4, 0, 'Puedes manifestar dos personalidades distinta, y ser propenso a deprimirte. ', ' \r'),
(340, 9, 4, 5, 0, 'Buscas el bienestar de la gente que te rodea; para ti es importante pertenecer a una comunidad, y ser capaz de líderar su crecimiento y evolución de consciencia.', ' \r'),
(341, 9, 5, 1, 0, 'Te gusta vivir muchas experiencias, pero no debes olvidar establecer límites para no desbordarte.  ', ' \r'),
(342, 9, 5, 2, 0, 'Tiendes a disfrutar el momento sin establecer relaciones profundas; piensas que siempre habrá un después.', ' \r'),
(343, 9, 5, 3, 0, 'Buscas retos grandes y exigentes. Nada te parece imposible.', ' \r'),
(344, 9, 5, 4, 0, 'Algunas veces puedes parecer insensible, frio e indiferente.', ' \r'),
(345, 9, 5, 5, 0, 'Crees firmemente en la corriente o creencia con la que te identificas y estás dispuesto a fomentar la construcción de templos relacionados con ella, además de idear filosofías que se pueden derivar de tu creencia base. Te entregas totalmente al logro de estos objetivos.', ' \r'),
(346, 9, 6, 1, 0, 'Identificas sabiamente el momento justo en que debes actuar, eres controlado, motivador, guía, líder justo. Tiendes a creer que eres indispensable.', ' \r'),
(347, 9, 6, 2, 0, 'Cuentas con una gran fuerza de voluntad que te permite, entre otras cosas, controlar tus pasiones. Asumes un rol de consejero de tu pareja.', ' \r'),
(348, 9, 6, 3, 0, 'Eres creativo, consolidas ideas abstractas y las transmites de manera que puedan realizarse. Tienes buena capacidad para administrar, piensas en el bien de tu comunidad.', ' \r'),
(349, 9, 6, 4, 0, 'Puedes ser percibido como una persona a la que le falta alegría,  apática, fría, que en sus relaciones se mantiene alejado. Puedes ser un poco individualista y elitistas; te efecta mucho el entorno popular.', ' \r'),
(350, 9, 6, 5, 0, 'Buscas la razón científica de la existencia espiritual; filosofas, estudias, enseñas temas relacionados a tus hallazgos.', ' \r'),
(351, 9, 7, 1, 0, 'Haces que las leyes se cumplan. Velas por que se respeten los límites. Esto puede generar antipatía de algunas personas.', ' \r'),
(352, 9, 7, 2, 0, 'Te inclinas a ser moralista, rígido y tradicional', ' \r'),
(353, 9, 7, 3, 0, 'Tienes la sabiduría necesaria para identificar tus propios límites y los de los demás.', ' \r'),
(354, 9, 7, 4, 0, 'Si algo te hiere, sufres en silencio. Tienes tendencia a angustiarte  y  a padecer penas morales. Te cuesta trabajo superar un revés. ', ' \r'),
(355, 9, 7, 5, 0, 'Capaz de crear una corriente filosófica y una comunidad alrededor de ella. ', ' \r'),
(356, 0, 0, 1, 9, 'Eres activo y dinámico, con mucha energía.', ' \r'),
(357, 0, 0, 2, 9, 'Satisfaces tus necesidades instintivas sin establecer un lazo verdadero.', ' \r'),
(358, 0, 0, 3, 9, 'Eres un libre pensador que  rechazas la opresión y cualquier intento de limitación de la generación de ideas sin barreras.', ' \r'),
(359, 0, 0, 4, 9, 'Te pueden percibir como una persona rebelde y, en ocasiones, un poco agresivo.', ' \r'),
(360, 0, 0, 5, 9, 'Te interesas por filosofías alternativas. Te puede interesar recorre distancias, viajar a comunidades y ciudades, llevando bienestar.', ' \r'),
(361, 10, 1, 1, 0, 'Puedes ser autoritario. Tienes capacidad de liderazgo pero te puedes dejar llevar por el poder de la materia; eres un poco elitista.', ' \r'),
(362, 10, 1, 2, 0, 'Tiendes a ser frío, calculador y enamoradizo. No te inclinas por un tipo de belleza definida.', ' \r'),
(363, 10, 1, 3, 0, 'Eres un estratega y organizador que sabe usar los recursos que tienes disponibles. Tienes habilidad para invstigar y te puede interesar buscar la pieza misteriosa que conecta los mundos espirituales y físicos. Tiendes a reconocer la existencia de leyes metafísicas y las aplicas. ', ' \r'),
(364, 10, 1, 4, 0, 'Puedes ser capaz de humillarte, si es necesario, para conseguir tu propósito. Puedes concebir que restringir los instintos y placeres del cuerpo es necesario para elevar la consciencia. Eres prudente y prevenido, no te dejas conocer totalmente.', ' \r'),
(365, 10, 1, 5, 0, 'Puedes ser una persona muy mística, con capacidad para poder demostrar físicamente el poder proveniente de fuentes metafísicas. Tienes habilidad para  estructurar y organizar centros de reunión grupal para desarrollar la creencia con la que te identificas. ', ' \r'),
(366, 10, 2, 1, 0, 'Te gusta disfrutar de los beneficios de la materia y de los placeres en general. Tendencia a añorar tener posiciones de poder y, en ocasiones, puedes defender que conseguir el objetivo justifica el uso de cualquier medio para ello.  ', ' \r'),
(367, 10, 2, 2, 0, 'Te apega a las formas físicas, puedes idealizar la materia.', ' \r'),
(368, 10, 2, 3, 0, 'Eres objetivo e  investigativo. Puedes emplear tu poder económico o influuencias para conseguir tus objetivos. Debescuidarte de no ser percibido como una persona sin escrupulos.', ' \r'),
(369, 10, 2, 4, 0, 'Tiendes a ser meditabundo, melancólico, taciturno, evocativo y perspicaz.', ' \r'),
(370, 10, 2, 5, 0, 'Sientes la necesidad de crecer espiritualmente y buscar la elevación a través del descubrimiento de verdades místicas.', ' \r'),
(371, 10, 3, 1, 0, 'A veces eres un poco rígido porque es importante para ti que se respeten leyes y normas, casi literalmente; esto puede limitar tu capacidad para aceptar todo aquello del mundo que se sale de ese marco de referencia. Te cuesta desprenderte de tu pasado.', ' \r'),
(372, 10, 3, 2, 0, 'Impones tus criterios, pero quieres una pareja para toda la vida. Los fallos de una pareja sentimental te hacen mucho daño.', ' \r'),
(373, 10, 3, 3, 0, 'Eres capaz de convertirte en un sabio en un campo específico dominarlo completamente,  debido a que tu habilidad para ordenarte permite que te especialices en una sola cosa. ', ' \r'),
(374, 10, 3, 4, 0, 'En ocasiones puedes ser terco y obstinado, que no das su brazo a torcer. Puedes hacer complicado algo muy simple.', ' \r'),
(375, 10, 3, 5, 0, 'Racionalizas la espiritualidad. La materia es Dios. Buscas poder someter la materia al dominio de tu mente.', ' \r'),
(376, 10, 4, 1, 0, 'Eres capaz de aceptar a cada quien y cosa por lo que es, sin importa su aspecto material; tienes una gran capacidad para desapegarte de todo.  Te puedes volver demasiado generoso.', ' \r'),
(377, 10, 4, 2, 0, 'Tienes conciencia para liberarte de los apegos materiales, para dejar atrás los errores. Desarollas un apego equilibrado a tu pareja.', ' \r'),
(378, 10, 4, 3, 0, 'Tienes capacidad para llegar a niveles profundos de comprensión, de ver lo que otros no ven; esto te hace ser un poco dominante. Eres consciente de la existencia del mundo espiritual. ', ' \r'),
(379, 10, 4, 4, 0, 'En ocasiones te desesperas y eres ansioso; aunque sabes lo que tienes que hacer, siempre hay impedimentos para hacerlo con la eficiencia que esperas.', ' \r'),
(380, 10, 4, 5, 0, 'Eres capaz de desprenderte de tus  bienes materiales para elevar tu consciencia a través del dominio sobre los deseos. Tienes el poder del ayuno, de vencer el deseo de recibir corporal.', ' \r'),
(381, 10, 5, 1, 0, 'Sabes cómo usar la materia, los recursos; eres práctico, recursivo, realizador. Eres un consejero con capacidad de subordinación que pueder ser  soporte y guía de los líderes, hábil para ejecutar las ideas de tu superior..', ' \r'),
(382, 10, 5, 2, 0, 'Todo tu mundo se basa en los sentidos, amor por los cuerpos físicos, por el mundo de la ilusión; te puedes dejar llevar por eso. Puedes establecer relaciones por conveniencia.', ' \r'),
(383, 10, 5, 3, 0, 'Eres inteligente yracional; puedes llegar a ser un maestro en el uso de las leyes físicas y contribuir con grandes aportes para el desarrollo del mundo físico. ', ' \r'),
(384, 10, 5, 4, 0, 'En ocasiones puedes manipular para conseguir tus objetivos; si sientes que no tienes los recursos materiales necesarios para aplicar a tus proyectos o planes, te tiendes a  desestabilizar. Depender de la materia puede hacerte sentir débil.', ' \r'),
(385, 10, 5, 5, 0, 'Crees en el dominio de las leyes físicas por medio del poder mental: levitar, volar. Puedes alcanzar niveles de meditación muy profundos y dedicar espacios de tiempo a la oración consagrada. Debes cuidarte de no ser extremista.', ' \r'),
(386, 10, 6, 1, 0, 'Eres una persona firme pero, a veces, puedes ser iracundo. Capaz de desenvolverte en entornos problemáticos porque tienes la capacidad de desprenderte y no dejarte influenciar por los vicios de este y conducir a este grupo de personas por el bien.', ' \r'),
(387, 10, 6, 2, 0, 'Amas espiritualmente, estás por encima de la materia.', ' \r'),
(388, 10, 6, 3, 0, 'Eres consciente de la existencia y el poder de la negatividad, y del estado actual de la sociedad. Luchas por el respeto de los recursos materiales para que todos disfrutemos de ellos. Crees en una economía utópica mundial', ' \r'),
(389, 10, 6, 4, 0, 'Reaccionas agresivamente ante las injusticias. Proteges al desvalido, tiendes a comportarte como un padre.', ' \r'),
(390, 10, 6, 5, 0, 'Tienes tendencia a socorrer al oprimido y al enfermo, sin importar el riesgo que esto implique para ti.', ' \r'),
(391, 10, 7, 1, 0, 'Puedes ser un poco rígido e inclinado a imponer el respeto a las normas establecidas o que se establezcan;  te puedes convertir en un verdugo que sancionas en nombre de la ley a la que estás sometido.', ' \r'),
(392, 10, 7, 2, 0, 'No le das mucha importancia a la materia, amas el potencial de la persona. Pareces frio, quieres pero no lo demuestras.', ' \r'),
(393, 10, 7, 3, 0, 'Eres muy práctico. Identificas rápidamente lo que realmente importa de una situación o problema.', ' \r'),
(394, 10, 7, 4, 0, 'En ocasiones parece como si no reaccionaras ante el entorno; muy frío y drástico.', ' \r'),
(395, 10, 7, 5, 0, 'Puedes ser verdadero líder espiritual, consciente de la deficiencia humana y de las carencias de los demás.', ' \r'),
(396, 0, 0, 1, 10, 'Eres perseverante, búscas incesantemente un objetivo; necesitas estar continuamente en movimiento. ', ' \r'),
(397, 0, 0, 2, 10, 'Tienes tendencia a desequilibrarte con facilidad y eres muy duro contigo mismo, te autoflagelas. Eres perfeccionista y un poco elitista.', ' \r'),
(398, 0, 0, 3, 10, 'Puedes ser un poco inestable e inseguro pero, a la vez, determinante. Persigues su objetivo y lo consigues.', ' \r'),
(399, 0, 0, 4, 10, 'Tienes tendencia a ser depresivo y melancólico. Piensas en reestructurar el pasado , aunque no eres rencoroso.', ' \r'),
(400, 0, 0, 5, 10, 'Puedes convertirte en un eje incondicional de causas humanitarias, porque tienes la capacidad de organizar y estructurar estas iniciativas. ', ' \r'),
(401, 11, 1, 1, 0, 'Eres un poco excéntrico y tienes magnetismo, Llamas la atención de los demás; esto te da la habilidad para ser escuchado. ', ' \r'),
(402, 11, 1, 2, 0, 'Pueden decirte que amas de manera extraña; eres un poco frío, independiente y de mente abierta.', ' \r'),
(403, 11, 1, 3, 0, 'Eres ingenioso, creativo y veloz. ', ' \r'),
(404, 11, 1, 4, 0, 'Eres intuitivo, inquieto y nervioso.', ' \r'),
(405, 11, 1, 5, 0, 'Eres abierto a aceptar filosofías modernas; también tienes capacidad para adaptar y aplicar  filosofías ancestrales a los tiempos modernos.', ' \r'),
(406, 11, 2, 1, 0, 'Tienes habilidad para creación artefactos, construcciones modernas que superan los límites anteriores. Tu creatividad es tu religión.', ' \r'),
(407, 11, 2, 2, 0, 'Te pueden decir que, en ocasiones, tienes dos personalidades. Pasas de la apatía a la felicidad con mucha facilidad. Te conectas  con la moda del momento.', ' \r'),
(408, 11, 2, 3, 0, 'Comunicas y divulgas las nuevas tendencias; eres un patrocinador de lo moderno.', ' \r'),
(409, 11, 2, 4, 0, 'Eres muy perceptivo, con capacidad de captar fenómenos paranormales.', ' \r'),
(410, 11, 2, 5, 0, 'Tienes la capacidad para formador comunidades espirituales, pero debes moderar tu ímpetu para no caer en fanatismo. Te pueden interesar las corrientes alternativas de espiritualidad.', ' \r'),
(411, 11, 3, 1, 0, 'Puedes desarrollar un sentido de dependencia de la materia, una necesidad de tener elementos para disfrutar, crear y analizar; se puede crear una adicción  a la tecnología. ', ' \r'),
(412, 11, 3, 2, 0, 'Te pueden considerar una persona que no es muy dependiente de sus relaciones, un poco desprendido. Las normas éticas y morales las puedes interpretar según tus necesidades.', ' \r'),
(413, 11, 3, 3, 0, 'Eres más inteligente y práctico que creativo. Interpretas a la perfección las ideas de otros, las materializas.', ' \r'),
(414, 11, 3, 4, 0, 'Tienes un gran poder de convencimiento. Debes prestar cuidado a la tendencia a refugiarte en estados alterados de conciencia como modo de escape a algún problema. En ocasiones pareces indiferente.', ' \r'),
(415, 11, 3, 5, 0, 'Puedes convertir un personaje en un ídolo, no necesariamente religioso, pero se puede volver una religión. Debes cuidarte de no convertirlo en fanatismo.', ' \r'),
(416, 11, 4, 1, 0, 'Eres humanista, captas los problemas sociales del momento y luchas por el mejoramiento de esa sociedad.', ' \r'),
(417, 11, 4, 2, 0, 'Sientes el dolor del otro; tienes sensibilidad ante las necesidades de los demás. Te sacrificas por el otro.', ' \r'),
(418, 11, 4, 3, 0, 'Buscas la protección de la dignidad humana.', ' \r'),
(419, 11, 4, 4, 0, 'Te angustias demasiado por la imposibilidad o demoras en la realización de tus planes y deseos.', ' \r'),
(420, 11, 4, 5, 0, 'Eres fuerte ante las desgracias; capaz de asumir cargas de los demás porque eres un defensor innato de la sociedad.', ' \r'),
(421, 11, 5, 1, 0, 'Disfrutas de los recursos que la sociedad ha desarrollado y pone a disposición de las personas, como eventos sociales, comodidad material, diversión. Tomas lo mejor de lo que la tierra proporciona, aprovechas el entorno que te rodea.', ' \r'),
(422, 11, 5, 2, 0, 'Eres un poco pasional, te atrae mucho la belleza material, y puedes enamorarte de la apariencia física. Desprecias lo que consideras feo.', ' \r'),
(423, 11, 5, 3, 0, 'Eres inteligente y astuto. Capaz de sacar el mayor provecho de un recurso material, o agotarlo. Eres independiente y un poco rebelde.', ' \r'),
(424, 11, 5, 4, 0, ' Conseguir bienes materiales se puede volver una obsesión; sentir que no tienes lo suficiente puede ser un problema que te puede desequilibrar.', ' \r'),
(425, 11, 5, 5, 0, 'Tienes tendencia a emplear herramientas físicas como medios de de conexión con mundos metafísicos como talismanes, oración, magia.', ' \r'),
(426, 11, 6, 1, 0, 'Puedes desprenderte de tus bienes materiales para darlos en beneficio de la sociedad necesitada, sea directamente o por conducto de organizaciones benéficas. Te ineteresa ayudar en calamidades de comunidades. Eres capaz de ayudar con tu cuerpo mismo, hasta donar un órgano si es necesario, por ayudar a la persona de tu interés. ', ' \r'),
(427, 11, 6, 2, 0, 'Amparas y das seguridad a tu pareja.', ' \r'),
(428, 11, 6, 3, 0, 'Tiendes a interesarte y estar pendiente de las necesidades de la comunidad. Que el sistema funcione bien para que no haya carencias materiales.', ' \r'),
(429, 11, 6, 4, 0, 'Las carencias de los demás pueden ser motivo de sufrimiento para ti. Te afecta el desabastecimiento material de los demás.', ' \r'),
(430, 11, 6, 5, 0, 'Puedes convertirte en alguién guía espiritual de los necesitados. Podrías ser voluntario en lugares donde nadie quiere ir.', ' \r'),
(431, 11, 7, 1, 0, 'Te pueden considerar un poco extravagante; llamas la atención.  Tienes facilidad para usar  u cuerpo como medio de expresión de las causas que defiendes.', ' \r'),
(432, 11, 7, 2, 0, 'En ocasiones pareces individualista y frío. Eres fiel a tus causas, puedes volverte fanático.', ' \r'),
(433, 11, 7, 3, 0, 'Eres un explorador en busca de conocimiento, así esto signifique aislamiento para conseguir el objetivo. Abres nuevos caminos; eres capaz de desvirtuar lo pasado a través del conocimiento.', ' \r'),
(434, 11, 7, 4, 0, 'Te puede obsesionar una causa, conocimiento o persona.', ' \r'),
(435, 11, 7, 5, 0, 'Te interesa la búsqueda racional de Dios, la demostración de su existencia material. ', ' \r'),
(436, 0, 0, 1, 11, 'Hay apegos a lo material, a lo que captas por los sentidos. Tepuedes dejar llevar por las apariencias.', ' \r'),
(437, 0, 0, 2, 11, 'Tiendes a enamorarte de la parte física, sientes una atracción muy fuerte. Tienes que tratar de ser menos reactivo.', ' \r'),
(438, 0, 0, 3, 11, 'Eres recursivo, hábil, estratégico y calculador.', ' \r'),
(439, 0, 0, 4, 11, 'Las jerarquías establecidas no te generan mucho respeto. Tiendes a no expresar inmediatamente alguna inconformidad, a callar y guardar, para luego explotar con agresividad.', ' \r'),
(440, 0, 0, 5, 11, 'Eres una persona muy servicial y un  buen apoyo cuando se necesita.', ' \r'),
(441, 12, 1, 1, 0, 'Te pones al servicio de la comunidad de manera innata y vocativa. Ayudas a los demás.', ' \r'),
(442, 12, 1, 2, 0, 'Eres sensible, reaccionas fácilmente al dolor humano y te afectas emocionalmente.Hay entrega y sacrificio por la pareja. Debes tener claro tus límites porque eres capaz de  soportar malos tratos.', ' \r'),
(443, 12, 1, 3, 0, 'Eres inteligente. Percibes fenómenos materiales que otros no ven y los explicas; entiendes cosas que parecen difíciles a otros. De mente abierta, captas el conocimiento más allá de las leyes físicas, buscas su causa oculta.', ' \r'),
(444, 12, 1, 4, 0, 'En ocasiones te puedes sentir poco reconocido y tener baja autoestima.', ' \r'),
(445, 12, 1, 5, 0, 'Eres capaz de sentir verdadero amor por los demás. Defiendes una causa hasta las últimas consecuencias, inlclusive realizando actos de fe en ella.', ' \r'),
(446, 12, 2, 1, 0, 'Te puedes dejar influenciar por los demás y, en ocasiones, puede parecer que necesites orientación para tomar decisiones en tu vida. . Las circunstancias del momento te pueden arrastrar. Tienes habilidad para conectarte con niveles elevados de consciencia  a través de substancias místicas, como de origen chamán; debes tener cuidado para no desarrollar adicciones. Tienes tendencia a seguir a un líder que te impresiona.', ' \r'),
(447, 12, 2, 2, 0, 'Eres romántico, te entregas con idealismo y estándares utópicos. Tendencia a ser reactivos y perder el equilibrio rápidamente.', ' \r'),
(448, 12, 2, 3, 0, 'Tienes consciencia y entendimiento del cuerpo humano. Percibes la realidad humana, especialmente sus fallos. Tienes aptitudes sicológicas y sanadoras. Habilidad para la aplicación práctica de las teorías que componen tu campo de estudio.', ' \r'),
(449, 12, 2, 4, 0, 'En ocasiones puedes reaccionar agresivamente; tienes tendencia a creer que te están atacando.', ' \r'),
(450, 12, 2, 5, 0, 'Te interesa ayudar materialmente a los más necesitados, a personas con adicciones, comunidades lugares deprimidos', ' \r'),
(451, 12, 3, 1, 0, 'Despiertas odios, envidias, pasiones, engaños, traiciones. Tu reto es enfrentarte a esto.', ' \r'),
(452, 12, 3, 2, 0, 'Necesidad de sacar adelante su comunidad para ellos beneficiarse. No es altruista sino porque lo beneficia. Amistoso pero solitario.', ' \r'),
(453, 12, 3, 3, 0, 'Se ponen grandes retos. Retar las leyes físicas, probar que se pueden dominar mediante el conocimiento de las mismas', ' \r'),
(454, 12, 3, 4, 0, 'Puedes, en ocasiones, parecer pedante o agresivo. Debes cuidarte de no expresarte de manera que otros se puedan sentir humillados.', ' \r'),
(455, 12, 3, 5, 0, 'Necesitas de la experimentación física de la espiritualidad, uso de herramientas y manifestación de resultados. Es importante para ti sentir que perteneces a un conglomerado o comunidad para defender una causa de manera fiel.  ', ' \r'),
(456, 12, 4, 1, 0, 'Eres un explorador optimista que está convencido de lo que va a hallar.', ' \r'),
(457, 12, 4, 2, 0, 'Tiendes a ser una persona crédula, que confía en los demás, pero sino manejas este confianza en las personas con equilibrios, puedes ser engañado fácilmente.', ' \r'),
(458, 12, 4, 3, 0, 'Tienes gran capacidad para comerciar y para los negocios en general. Identificas una oportunidad con facilidad y tienes habilidad para saber invertir y hacer crecer un negocio. Te perciben como un emprendedor innato.', ' \r'),
(459, 12, 4, 4, 0, 'Eres un visionario que capta el potencial de las cosas en estado semilla. Te desesperas cuando la gente no cree en tus planteamientos. La falta de confianza de la gente en ti te puede causar sufrimiento.', ' \r'),
(460, 12, 4, 5, 0, 'Puedes desarrollar un temor a una energía superior puede llevar al fanatismo y al cumplimiento literal de preceptos religiosos.', ' \r'),
(461, 12, 5, 1, 0, 'Exiges de los demás y del universo protección y amparo; debes esforzarte para poder corresponder a la confianza depositada en ti.', ' \r'),
(462, 12, 5, 2, 0, 'Tiendes a sentirte seguro de la persona con quien estás pero, en ocasiones, no correspondes de igual manera al amor que te dan. Puedes sentirte superior a tu pareja.', ' \r'),
(463, 12, 5, 3, 0, 'Entiendes la necesidad de hacer labor social como parte del ejercicio de tu profesión. Agradeces de esta manera la buena posición que vas alcanzando. Eres astuto y tienes capacidad para manipular a los demás. Sientes miedo a perder lo que tienes.', ' \r'),
(464, 12, 5, 4, 0, 'En ocasiones puedes ser irascible y agresivo.  A veces puedes creer que todo lo mereces. Hay un ti un poco de egocentrismo.', ' \r'),
(465, 12, 5, 5, 0, 'Tienes un alto grado de nobleza; eres tranquilo y capaz de aceptar tu destino con resignación.', ' \r'),
(466, 12, 6, 1, 0, 'Te interesa patrocinar y amparar la defensa deiniciativas o causas para el bien común. Tienes capacidad de intuir resultados positivos en estado de semilla. Apoya causas perdidas muchas veces', ' \r'),
(467, 12, 6, 2, 0, 'Apoyas el desarrollo de tu pareja; te puede parecer difícil lograr expresar tus emociones negativas. Quieres el bienestar de los demás. ', ' \r'),
(468, 12, 6, 3, 0, 'Eres asociativo y te integras socialmente con naturalidad. Tienes habilidad para administrar inteligentemente recursos para el bien de  tu comunidad o familia; eres un estratega.', ' \r'),
(469, 12, 6, 4, 0, 'No manifiestas externamente tu inconformidad sino que tiendes a controlar tu sistema reactivo. En ocasiones evitas comunicar tus emociones y puedes sufrir en silencio.', ' \r'),
(470, 12, 6, 5, 0, 'Tienes capacidad para entender el comportamiento negativo de los demás. No juzgas y presta apoyo con responsabilidad. Tiendes a perdonar todo.', ' \r'),
(471, 12, 7, 1, 0, 'En ocasiones, puedes dar la impresión de no tener un horizonte definido o que eres muy disperso. Es posible que sientas que atraes energías negativas del medio en el que te desenvuelves porque, a menudo, atraes entornos difíciles.', ' \r'),
(472, 12, 7, 2, 0, 'Tienes la capacidad de amar a seres que están pasando por un momento de oscuridad o carencia de luz en su vida; te atrae donde no hay luz porque tiendes a asumir que puedes salvar a tu pareja.', ' \r'),
(473, 12, 7, 3, 0, 'Captas el funcionamiento del mundo oculto. Puedes inclinarte a creer en dimensiones fantasiosos. Te pueden percibir, en ocasiones, como alguién que no vive en la realidad.', ' \r'),
(474, 12, 7, 4, 0, 'Te puede interesar lo paranormal. Puedes desarrollar una tendencia a activar tu conexión con lo extrasensorial a través de ayudas físicas como las bebidas alcohólicas, pero debes poner atención para no perder el control y abusar de ellas.', ' \r'),
(475, 12, 7, 5, 0, 'Sabes conectar con las energías espirituales de manera consciente. Percibes y aprovechas la energía disponible de otras dimensiones de la existencia.', ' \r'),
(476, 0, 0, 1, 12, 'Eres un líder al que no le gusta que le impongan límites. Quieres que se haga tu voluntad.', ' \r'),
(477, 0, 0, 2, 12, 'Sientes que necesitas estar con alguien porque tiendes a depender emocionalmente de tu pareja, pero puedes ser un poco manipulador y anteponer tus intereses a los de ella.', ' \r'),
(478, 0, 0, 3, 12, 'Tienes habilidad para acumular riqueza, piensas en grande. Eres capaz de hacer social una causa personal.', ' \r'),
(479, 0, 0, 4, 12, 'Puedes ser, en ocasiones, un poco rencoroso, y reaccionar de manera agresiva. Estás dispuesto a lo que sea necesario para lograr tus objetivos.', ' \r'),
(480, 0, 0, 5, 12, 'Cuando te identificas con una causa eres muy fiel a ella y eres capaz de entregar tu vida por ella. Debes saber identificar el límite entre la fidelidad y el fanatismo. ', ' ');

-- --------------------------------------------------------

--
-- Estructura de tabla para la tabla `preguntas`
--

CREATE TABLE `preguntas` (
  `id_pregunta` int(11) NOT NULL,
  `id_tipo_pregunta` int(11) NOT NULL,
  `punto_control` text NOT NULL,
  `pregunta_es` text NOT NULL,
  `pregunta_en` text NOT NULL
) ENGINE=MyISAM DEFAULT CHARSET=latin1;

-- --------------------------------------------------------

--
-- Estructura de tabla para la tabla `propositos`
--

CREATE TABLE `propositos` (
  `id_proposito` int(11) NOT NULL,
  `proposito_es` text NOT NULL,
  `proposito_en` text NOT NULL
) ENGINE=MyISAM DEFAULT CHARSET=latin1;

--
-- Volcado de datos para la tabla `propositos`
--

INSERT INTO `propositos` (`id_proposito`, `proposito_es`, `proposito_en`) VALUES
(1, 'Debes establecer una conexión con la sabiduría universal, encontrando una manera de llegar a ella por medio de un discernimiento propio que te permita descubrir que existe una fuerza superior que es la fuente de las manifestación del mundo físico que te rodea. Esta conexión requiere de esfuerzo y disciplina para poder separarte, temporalmente, del entorno en el que te desenvuelves para observarlo desde otra perspectiva, con la humildad para reconocer que hay algo por encima de ti que es el origen de todo. Conquistando esto, tendrás la claridad para compartir tus dones con la humanidad. ', ''),
(2, 'El entendimiento total de la importancia de tu propio crecimiento espiritual y las correspondientes acciones para concentrar y avanzar en tu búsqueda, te permitirán convertirte en una antena que capta y transmite sabiduría, impactando a aquellos que están en contacto contigo y motivándolos para iniciar el camino que tu has iniciado, porque sólo así revelarán la luz de la armonía y abundancia en la comunidad a la que pertenecen. Tu decisión de iniciar este camino de crecimiento espiritual te da la fortaleza para vencer tus miedos interiores que te hacen dudar.', ''),
(4, 'Ser capaz de restringir el deseo hacia toda la oferta de posibilidades que ofrece el mundo físico e identificar lo que realmente es necesario e importante para la revelación de la verdadera esencia de tu ser. El esfuerzo y disciplina que dediques a esta labor de restricción es lo que te hará brillar como fuente de generosidad hacia los demás. Desarrollarás la fortaleza para vencer las tentaciones que te intenten sacar de este camino y serás recompensado con la abundancia integral en tu vida.\r', ''),
(11, 'Identificar y elegir, de la gran cantidad de opciones que el universo te ofrece y que se conectan con tu deseo de recibir, la que realmente debes seguir para enfocarte en ser un maestro en una filosofía, corriente, ciencia o arte para que la humanidad se beneficie de tu talento y entendimiento profundo. Necesitas vencer la indecisión y entender que hay que escoger un camino, arriesgándote a dejar otras opciones atrás y confiar que ese sendero que tomaste te va a llevar a la realización total.\r', ''),
(14, 'Entender con maestría que el deseo de recibir para ti mismo es la llave que te da acceso a la abundancia de recursos que esperas obtener en el mundo físico; pero debes comprender primero que este deseo de recibir debe equilibrarse con tu intención de lograr la abundancia para compartirla con tu entorno y comunidad. No debes olvidar que el dominio sobre tus inclinaciones negativas es una herramienta para que puedas obtener y conservar todo aquello que deseas. ', ''),
(19, 'Entender que la hábitos y la disciplina en la aplicación de los conceptos metafísicos primordiales de conexión con el universo superior son necesarios para que seas una antena de transmisión de abundancia ilimitada en todos los ámbitos del ser humano. Tu capacidad de restricción  te hará capaz de hacer lo imposible para que un individuo, tu entorno y la humanidad misma retornen a su nivel de armonía y salud integral. ', ''),
(22, 'Ascender en tu  nivel de conciencia hasta ser capaz de convertirte en fuente de ayuda incondicional para la humanidad, sin importar la dificultad del reto y siendo eje en la solución de los problemas más profundos que aquejan tanto a tu entorno como a las miembros de las comunidades más deprimidas. Tienes la responsabilidad de revelar el máximo potencial positivo de los mundos elevados a través de tu propio trabajo personal para que tu sola presencia sea símbolo de la liberación de todo mal.', ''),
(26, 'Tienes la responsabilidad de identificar las verdaderas carencias de la humanidad, de una comunidad o del entorno en el que te desenvuelves, para seleccionar de entre todas las posibilidades que pone a tu disposición el universo, cuál es la que realmente se requiere para suplir esa necesidad o mejorar la calidad de vida de esa comunidad. Debes luchar para obtener la claridad necesaria para generar ideas para iniciar proyectos de benéfico para la sociedad e intervenir en aquellos que ya han sido iniciados y que han perdido su norte.', ''),
(32, 'Ser consciente de que no eres solo cuerpo, sino también alma y espíritu, a través del estudio y entendimiento de las normas de los tratados místicos que permiten ponerlas en práctica de manera adecuada. Descubrimiento de las herramientas de conexión y su uso apropiado como detonantes del crecimiento espiritual.', ''),
(38, 'Debes velar porque la armonía, paz y sincronización que existe en el mundo superior se manifieste en cada entorno y situación en la que estás presente, así como de transmitir el mensaje de la importancia de la paz interior de cada individuo como paso indispensable para conseguir que la humanidad alcance estos estados de entendimiento y respeto entre unos y otros. Eres un mediador universal para la paz del mundo, pero es necesario que alcances tu propio equilibrio interior, para armonizar tu entorno inmediato e ir extendiendo tu influencia como un efecto dominó.', ''),
(54, 'Mediante el conocimiento profundo de las fuerzas físicas y metafísicas que coexisten en el universo debes alcanzar la conciencia necesaria para entender que el origen del equilibrio de la existencia en su totalidad es la interacción sincronizada de estas fuerzas, convirtiéndote en una fuente de alimento para el mundo, estableciendo las pautas para el suministro de recursos físicos, mentales y espirituales para beneficio de la humanidad. Este conocimiento alcanzado te permite vencer el temor a los fenómenos desconocidos porque ya los has comprendido y apoyará en tu labor de ayudar a otros a vencer estos temores. Eres un visionario de luz.', ''),
(60, 'Has venido para aplicar de manera práctica los marcos de referencia ancestrales básicos y necesarios, que nos conectan con la energía superior y que, de manera consciente sabes que existen. Una tarea que te demanda mucha disciplina porque exige que seas capaz de desprenderte de apegos materiales innecesarios que le encantan a tus sentidos, para transformarte en una fuente inagotable de energía que sirve de guía constante a la humanidad, empezando por ti mismo. Entenderás que tu verdadero guía está dentro de ti pero que no lo encontrarás sin superar una serie de obstáculos que te plantea tu evolución con el fin de eliminar las dudas y afianzar tu conciencia de manera decidida hacia este objetivo. Entiendes que vives en este plano del universo pero no perteneces a él verdaderamente.', ''),
(64, 'Eres un factor multiplicador que puede hacer crecer todo aquello que te propongas, la forma de activar este don es a través del uso disciplinado y frecuente de herramientas de conexión con tu yo interior, no importa la filosofía que sigas, como la meditación, yoga y reuniones grupales para el estudio de textos místicos, entre otras. La conexión que obtienes es clave para que alcances un nivel de conciencia que te permite compartir abundancia en forma de ayuda desinteresada, filantropía, defensor de derechos humanos y, en general, buscar el bienestar de los más necesitados y desvalidos.', ''),
(71, 'Debes aprender a descubrir el propósito espiritual que se esconde dentro de cada manifestación material, sólo así podrás evitar ser engañado por la comodidad del mundo material aprecian lo que tienes;  no caer en la trampa de valorar el éxito de tu vida por la obtención de metas materiales cada vez más altas. Debes utilizar tu entendimiento de la existencia de un mundo superior y las herramientas de conexión con el mismo por las razones correctas, que es ser la fuente de tu fortaleza y no por miedo a perder lo que tienes o como ayuda a conseguir bienes materiales solamente. El universo te ha dotado de un entorno que parece mostrarte que la plenitud pasa por la seguridad material de la que dispones , pero debes ser capaz, a través del análisis y discernimiento propios, de sentirte pleno con la abundancia que te rodea, así podrás desbloquear y recibir la totalidad de las cosas que te corresponden por derecho y ser un guía que da luz a los demás para que no sean engañados y sometidos por el mundo de la materia. ', ''),
(16, 'Comprender que eres una fuente de armonía inagotable que emana constantemente pensamientos positivos, necesarios para la estabilidad del orden universal, tanto en el mundo espiritual como en el físico; eres la expresión de la bondad del universo oculto superior. Para alcanzar este estado elevado de equilibrio interior y unión con el todo, debes aplicar conocimientos y leyes ancestrales de conexión que requieren de tu disciplina y poder de restricción para conseguirlos.', '');

-- --------------------------------------------------------

--
-- Estructura de tabla para la tabla `propositos_desagregados`
--

CREATE TABLE `propositos_desagregados` (
  `id_proposito_desagregado` int(11) NOT NULL,
  `id_proposito` int(11) NOT NULL,
  `nivel` int(11) NOT NULL,
  `proposito_des_es` text NOT NULL,
  `proposito_des_en` text NOT NULL
) ENGINE=MyISAM DEFAULT CHARSET=latin1;

--
-- Volcado de datos para la tabla `propositos_desagregados`
--

INSERT INTO `propositos_desagregados` (`id_proposito_desagregado`, `id_proposito`, `nivel`, `proposito_des_es`, `proposito_des_en`) VALUES
(1, 60, 2, 'El mayor reto que debes vencer como apoyo para desarrollar esta misión es eliminar las dudas que surgen en tu interior acerca de la validez de la aplicación del conocimiento ancestral; debes confiar con mucha certeza en que estos marcos de referencia son una guía necesaria para el verdadero encuentro contigo mismo y que te empoderarán para conseguir tus objetivos en esta existencia.', ''),
(2, 60, 3, 'Una herramienta de gran ayuda para cumplir con tu objetivo primordial es que puedas imponer la verdadera esencia de ser para equilibrar tus apegos materiales, sin despreciar la materia sino usándola como medio de revelación de tu potencial espiritual. Esto tendrá un efecto liberador en ti y elevará tu consciencia al nivel que realmente has ganado en el transcurso de tu camino en este plano desde el principio de los tiempos.', '');

-- --------------------------------------------------------

--
-- Estructura de tabla para la tabla `recursos_actividades`
--

CREATE TABLE `recursos_actividades` (
  `id_recurso_actividad` int(11) NOT NULL,
  `id_tipo_recurso` int(11) NOT NULL,
  `id_origen_recurso` int(11) NOT NULL,
  `nombre_recurso_actividad` text NOT NULL,
  `imagen_recurso_actividad` text,
  `recurso_actividad` text NOT NULL,
  `pago` text
) ENGINE=MyISAM DEFAULT CHARSET=latin1;

-- --------------------------------------------------------

--
-- Estructura de tabla para la tabla `recursos_senderos`
--

CREATE TABLE `recursos_senderos` (
  `id_recurso_sendero` int(11) NOT NULL,
  `id_tipo_recurso` int(11) NOT NULL,
  `nombre_recurso_sendero` text NOT NULL,
  `imagen_recurso_sendero` text NOT NULL,
  `origen_recurso_sendero` text NOT NULL,
  `recurso_sendero` text NOT NULL
) ENGINE=MyISAM DEFAULT CHARSET=latin1;

-- --------------------------------------------------------

--
-- Estructura de tabla para la tabla `recursos_web`
--

CREATE TABLE `recursos_web` (
  `id_recurso_web` int(11) NOT NULL,
  `id_tipo_recurso` int(11) NOT NULL,
  `titulo` text NOT NULL,
  `desc_recurso` text NOT NULL,
  `imagen` text NOT NULL,
  `url` text NOT NULL,
  `contenido` text NOT NULL,
  `destacado` int(11) NOT NULL DEFAULT '0'
) ENGINE=MyISAM DEFAULT CHARSET=latin1;

--
-- Volcado de datos para la tabla `recursos_web`
--

INSERT INTO `recursos_web` (`id_recurso_web`, `id_tipo_recurso`, `titulo`, `desc_recurso`, `imagen`, `url`, `contenido`, `destacado`) VALUES
(1, 1, '¿Por qué algunos no tenemos una verdadera vocación?', '¿Qué quieres ser cuando seas grande? Bueno, si usted no está seguro de que quiere hacer una sola cosa para el resto de su vida, usted no está solo. En esta charla, la escritora y artista Emilie Wapnick describe el tipo de personas que tienen una gran gama de intereses y puestos de trabajo en una sola vida. ', 'video/video_1/img_video_1.png', 'video/video_1/video_1.mp4', '', 1),
(2, 2, 'La tribu y los Roles', 'Cuando no aceptamos o cambiamos el rol que debemos desempeñar, la energía que traíamos\ndispuesta para experimentarlo se distorsiona.', 'docs/doc_2/img_doc_2.jpg', 'docs/doc_2/doc_2.pdf', '<b>S</b>in importar si fuimos o no deseados conscientemente por nuestros padres, llegamos a una familia a ocupar un espacio que estaba reservado para nosotros; dicho espacio nos lleva a desarrollar un rol dentro de la misma y por ende dentro de la sociedad. Cuando no aceptamos o cambiamos el rol que debemos desempeñar y el espacio que ocupamos, bien sea padre, hijo, hermano, tío, etc., la energía que traíamos dispuesta para experimentarlo se distorsiona, extendiendo el desorden y la desarmonia al resto de la familia y más adelante a la sociedad. Si el hijo quiere ser padre y el padre acepta ser hijo de su hijo, el orden se convierte en caos, trayendo como consecuencia la desarmonía interior y el postrer sufrimiento de los integrantes de la familia o tribu. Cuando el hijo se convierte en padre de su padre, se carga con una serie de situaciones y/o responsabilidades que en el orden natural de las cosas no le corresponde, pero que él, a causa de su ignorancia en lo que respecta a los roles de cada miembro de la familia, elige cargar esa cruz, razón por la cual se termina sacrificado sin ningún fruto benéfico para nadie. Cada quien debe cargar su cruz, cada quién ha de responsabilizarse de su rol y hacerlo en excelencia.\r\n<br>\r\n<br>\r\n<b>E</b>s de vital importancia ocupar nuestra silla dentro de nuestra familia, y por ende dentro de la sociedad; si somos hijos, debemos seguir siendo hijos hasta el final, si somos padres seguir siendo padres, si somos hermanos seguir siendo hermanos, y así en todos los roles familiares. El espacio que ocupamos en la sociedad se esclarece a medida que establecemos el rol en nuestra familia, de allí que el propósito de vida, ese que da plenitud y gozo, sólo surge cuando ocupamos el espacio que nos corresponde y lo hacemos con excelencia. Si ejercemos un rol dentro de la sociedad(vigilante, escritor, estudiante, médico, monja, cuidador de animales, maestro, sacerdote, policia, etc.), hemos de realizarlo a cabalidad, con conocimiento de lo que es y cual es su función en la sociedad a la cual hemos llegado; no alcanzaremos la excelencia sino conocemos a profundidad nuestro rol, por ello es importante saber qué es lo que hacemos y cómo podemos hacerlo de una manera más excelente, aplicando la voluntad creativa con regular perseverancia.\r\n<br>\r\n<br>\r\n<b>L</b>a mayoría de las desarmonias en las relaciones familiares y en la sociedad, se originan cuando no aceptamos nuestro rol y deseamos ser otras personas… hemos de aceptar lo que somos, siempre actuando con excelencia y dejando que los frutos vengan por añadidura. No hay incoherencia en la naturaleza de las cosas, y cuando ocupamos el lugar que naturalmente nos corresponde, la vida pone en nuestra puerta todo lo que necesitamos para vivir con plenitud y gozo. Es tiempo de revisarnos e introspectar si estamos sentados en el lugar que nos corresponde, y si es así, determinarnos a dejar un huella imborrable en base a la excelencia.\r\n<br>\r\n<br>\r\n<b>Autor: Fabio Nelson Caicedo Arboleda -  Team InLife</b>\r\n', 1),
(3, 1, 'Intentar algo nuevo por 30 días', '¿Hay algo que siempre has querido o quieres hacer, pero simplemente no lo has hecho? Matt Cutts sugiere : Pruébalo durante 30 días . Esta corta charla ofrece una alternativa para el logro de metas.', 'video/video_2/img_video_2.png', 'video/video_2/video_2.mp4', '', 1),
(4, 1, 'Flow, el secreto de la Felicidad', '¿Qué hace que una vida vale la pena vivir? Reconociendo de que el dinero no puede hacernos felices, Mihaly mira a aquellos que encuentran placer y la satisfacción duradera en las actividades que dan lugar a un estado de "flujo".', 'video/video_3/img_video_3.png', 'video/video_3/video_3.mp4', '', 0),
(5, 1, 'Viviendo más allá de los límites', 'Cuando Amy Purdy tenía 19 años, perdió ambas piernas por debajo de la rodilla. Y ahora ella es una snowboarder profesional. En esta potente charla Amy nos muestra cómo dibujar la inspiración desde los obstáculos de la vida.', 'video/video_4/img_video_4.png', 'video/video_4/video_4.mp4', '', 0),
(6, 1, '¿Cómo construir tu confianza creativa?', 'Esta tu colegio o lugar de trabajo dividido en "los creativos" vs. “los prácticos”? Muy seguramente así sea. David Kelley sugiere que la creatividad no es del dominio de sólo unos pocos elegidos. Contar historias de su legendaria carrera de diseño y su propia vida, ofrece maneras de construir la confianza para crear', 'video/video_5/img_video_5.png', 'video/video_5/video_5.mp4', '', 0),
(7, 1, 'Antes de Morir yo quiero…', 'Cuál sería tu respuesta hoy? Piensa por un momento cuál sería la historia a ser contada!', 'video/video_6/img_video_6.png', 'video/video_6/video_6.mp4', '', 0),
(8, 1, 'Deberías vivir para tu curriculum vitae.. o para tu elogio? ', 'Dentro de cada uno de nosotros coexisten dos tensiones, una que anhela el éxito, que construye una hoja de vida , y la otra, que busca la conexión, la comunidad, el amor… valores que hacen un gran elogio. Desde que tensión vives tu vida?', 'video/video_7/img_video_7.png', 'video/video_7/video_7.mp4', '', 1),
(9, 2, 'La disciplina y el cambio de conciencia', 'Es indispensable educar nuestra mente, a fin de que poco a poco transformemos nuestro subconsciente, asumir el empoderamiento y enfocar nuestra energía.', 'docs/doc_1/img_doc_1.png', 'docs/doc_1/doc_1.pdf', '<b>E</b>n nuestro subconsciente se guardan memorias que nos hacen actuar de determinadas maneras en los distintos escenarios que nos plantea la vida, es desde allí que se toman las mas relevantes decisiones, que sumadas, hacen de nuestra vida un peregrinaje de sufrimiento o un paseo de felicidad y gozo.\r\n<br>\r\n<br>\r\n<b>P</b>ara transformar aquellos aspectos de nuestra vida que nos alejan de la Paz interior, es indispensable educar nuestra mente, a fin de que poco a poco transformemos nuestro subconsciente; de manera que podamos asumir el empoderamiento y enfocar nuestra energía y esfuerzo hacia una vida en constante y creciente plenitud, que no sólo nos baña a nosotros mismos de alegría, sino que también limpia y purifica a aquellos que están a nuestra alrededor.\r\n<br>\r\n<br>\r\n<b>E</b>l único camino que conduce a la transformación se llama Amor, mas no un amor de pareja o de madre a hijo, sino aquel amor que nos permite aceptarnos a nosotros mismos y ser conscientes de aquellos aspectos que es preciso transformar para ser una mejor versión cada día, contagiando a los nuestros para que ellos, a través del ejemplo vivo que les damos, también se animen a amarse y seguir esta multiplicación de amor. El amor es algo que está al alcance de nuestra mano, sólo debemos decidirnos resueltamente a proseguir nuestras vidas con disciplina espiritual, introspección de nuestras vivencias y respeto por el proceso y vida de cada ser sobre la faz de la tierra. Cuando dichos aspectos hacen parte de nuestra vida, surgen naturalmente los dones del Amor tales como Paciencia, Tolerancia infinita, Compasión, Empatía emocional, Gratitud, Servicio, Aceptación, Humildad, Voluntad, Excelencia, Condescendencia, entre otros. Mas es indispensable la disciplina, puesto que sin disciplina no hay Paz en la mente y sin Paz en la mente no puede haber Gozo ni Gratitud.\r\n<br>\r\n<br>\r\n<b>L</b>os carpinteros crean monumentos, los que se lanzan al agua aprenden a nadar,  los que disciplinan su mente se empoderan de sus vidas. Empodérate de tu vida!\r\n\r\n\r\n<b>Autor: Fabio Nelson Caicedo Arboleda - Team InLife</b>\r\n', 1),
(10, 2, 'Elegir cómo vemos nuestras Vidas', 'Para lograr el cambio de perspectiva de las diversas situaciones que nos alejan de la paz interna, contamos con una poderosa herramienta que no nos puede ser arrebatada.', 'docs/doc_3/img_doc_3.png', 'docs/doc_3/doc_3.pdf', '<b>E</b>n muchas ocasiones nos encontramos con situaciones que desearíamos cambiar con la finalidad de erradicar de nuestra vida emociones como el miedo, la confusión, la tristeza, la depresión o la preocupación. ¿Cuántas veces hemos deseado tener una varita mágica para devolver el tiempo y tomar otra decisión? Seguro muchas más veces que las que alcanzamos a recordar. Es evidente que no podemos devolver el tiempo para reescribir nuestras situaciones, pero lo que si podemos hacer es aprender a verlas desde otro punto de vista. \r\n<br>\r\n<br>\r\n<b>N</b>o son las situaciones por sí mismas las que nos hacen sufrir, sino nuestros pensamientos en medio de las mismas. “Todo es neutral, Tú eres quién le da el significado”, es así como un mismo suceso visto por diferentes personas puede tener mil matices y significados de acuerdo a la historia de vida de cada ojo que lo ve… de manera que lo que hemos vivido y vivimos tiene el significado que nosotros elegimos darle, somos nosotros mismos los creadores de nuestros estados emocionales porque somos quienes elegimos que pensar de la circunstancia, por tanto somos los únicos creadores de nuestro Gozo o sufrimiento.\r\n<br>\r\n<br>\r\n<b>P</b>ara lograr el cambio de perspectiva de las diversas situaciones que nos alejan de la paz interna, contamos con una poderosa herramienta que no nos puede ser arrebatada por las circunstancias del día a día, ésta es nuestro Libre Albedrío. Con un correcto enfoque de nuestro libre albedrío, podemos transformar la forma en que vemos la vida, y por ende, la forma en que nos vemos a nosotros mismos, puesto que detrás de nuestros pensamientos de la situación, hay un pensamiento sutil e imperceptible que nos autodefine. Esto es, lo que creemos ser a partir del momento preciso que viví o estoy viviendo: un ser desdichado o un ser afortunado, un ser maldito o un ser bendito, un ser que sufre o un ser que agradece.\r\n<br>\r\n<br>\r\n<b>L</b>a asociación es parte de nuestra naturaleza humana. Cuando se nos presenta un suceso que tiende a ser similar a algo que ya hemos vivido, reaccionamos casi de igual manera, tanto en las decisiones que tomamos como en las emociones que sentimos. Desde niños nos enseñaron, sin malas intenciones, a asociar los momentos llamados difíciles con una autodefinición muy limitada y desabrida de nosotros mismos, trayendo como consecuencia un ciclo repetitivo donde siempre percibimos la vida con esa misma visión, de allí que el gozo nunca es completo, siempre falta una nota en la canción.\r\n<br>\r\n<br>\r\n<b>S</b>ólo es posible desasociar nuestras reacciones si establecemos una nueva asociación, es decir, una actitud o comportamiento diferente. Las situaciones que tienden a repetirse y que roban nuestra paz, no son más que la evidencia de que no hemos podido desasociar nuestros comportamientos de las mismas; por ello es importante borrar el pizarrón y escribir una nueva lección; así como aprendimos a reaccionar sin introspectar, podemos educarnos en proceder con plena conciencia y discernimiento de que punto de vista nos sirve más para vivir lo que en verdad anhelamos. De allí en más, sólo es necesario pensar, hablar y obrar en concordancia con nuestra más alta definición.\r\n<br>\r\n<br>\r\n<b>Autor: Fabio Nelson Caicedo Arboleda - Team InLife</b>', 0),
(11, 2, 'La iluminación', 'La iluminación es ese momento donde logras desconectar, como morir al yo que crees ser y te das el permiso y la bendición de no ser lo que crees ser.', 'docs/doc_4/img_doc_4.png', 'docs/doc_4/doc_4.pdf', '<b>L</b>a iluminación no es un estado de conciencia al cual llegar, es un estado el cual reconocer aquí y ahora, puesto que la iluminación no está en el futuro, ni tampoco en el pasado, mucho menos en el presente, el tiempo no existe. La iluminación esta cuando te conviertes en el observador de tus propios pensamientos y procesos de vida; cuando puedes desprenderte de ti mismo sin apegarte a tus pensamientos, ideas o creencias; allí, sólo puedes percibir la sincronía del Espíritu santo, que se manifiesta en todos y para todos. Por ello es que la iluminación no ha de ser un deseo sino un reconocimiento, es decir, volver a conocer tu esencia y percibirla a través del proceso de la auto-observación.\r\n<br>\r\n<br>\r\n<b>L</b>a iluminación es ese momento donde logras desconectar, como morir al yo que crees ser y te das el permiso y la bendición de no ser lo que crees ser. Cuando estas allí, el torrente de amor que te baña es grande, infinito y eterno; por tanto el amor desborda desde tu corazón a todo lo que has vivido, estás viviendo y vivirás. Entonces cesan los deseos, verdaderos causantes del sufrimiento, y te conviertes en espíritu, observador de ti mismo y a la vez actor de tu ser. Eso es iluminación, ser sin ser, observar y actuar sin apego a los ideales, ya desprendido del deseo de los frutos, viviendo en la libertad de ser como el viento; mas esto no quiere decir desinterés por el prójimo, quiere decir amor con sabiduría, hablar cuando es necesario, pensar cuando se requiera, actuar con decisión…mas sin apego al resultado, mas sin considerarte en la arrogancia de la superioridad/inferioridad. \r\nBástale de un momento para la iluminación, has de observar el motor que mueve todas las cosas y te mueve a ti; has de fijarte que la realidad sólo está ocurriendo en tu interior, tú eres quién la ve así como la ves, ¿quieres ser libre en verdad y salir de la esclavitud de tus pensamientos, deseos y creencias?, observa este momento soltando tu identidad. Te has enamorado a tal punto de ti, que ya olvidaste quién eres; ya no recuerdas tu punto de ser más íntimo. Debes divorciarte de ti, para conocer la libertad de casarte con la luz de tu espíritu, él no tiene reglas, ni te pondrá horarios para las visitas, él es libre!\r\n<br>\r\n<br>\r\n<b>Y</b> aun llegando a sentir este estado de luz dentro de tu ser, vuelves y caes en amnesia divina, te vuelves a olvidar porque estás apegado a ti mismo y mantener la iluminación requiere transformar el ego; el ego es el potencial de tu ser, un aspecto todo creativo que te da la potestad de crear nuevas realidades, mas tu ego, tiene un parche en el ojo, has sido un pirata y has asaltado otros barcos, has robado sus pensamientos, sus creencias e incluso sus acciones; ahora crees que lo que tienes es tuyo. Tú proteges con gran recelo tu ego distorsionado, después de todo es tu escudo y tu arma en este mundo, si lo sueltas morirás, pero te aseguro que esta muerte te traerá vida eterna, jamás estarás tan vivo como cuando mueras a tu ego distorsionado.\r\n<br>\r\n<br>\r\n<b>¿</b>Por qué caes en la amnesia de tu iluminación?, porque no alimentas tu espíritu, no alimentas tu auto-observación, vuelves y caes en el embrujo meloso de tu ego y te envuelves en las promesas de placeres maravillosos, reconocimientos y elogios del mundo. Al regresar tu conciencia para vivir para el mundo, pierdes tu iluminación; no se trata de no estar en el mundo y no hacer lo que se hace en el sistema, es liberarse para hacerlo y observarlo desde otro punto de vista, uno que te permita una experiencia de ti mismo absolutamente libre del temor.\r\n<br>\r\n<br>\r\n<b>¿</b>Quieres una clave para saber cuándo estás iluminado?, no hay temor, sólo pasión por la vida, más no la pasión sexual de corto placer, la pasión de sentirte libre y vivir esa libertad en todo lo que haces y emprendes. Podrías aislarte del mundo y vivir en la montaña más solitaria y fría, mas no podrás escapar de tus propios pensamientos limitados causados por tu ego distorsionado. Es mejor estar en la hoguera del mundo y ser libre en medio de ella, de manera que el fuego nunca te queme y permanezcas inquebrantable en tu espíritu santo.\r\n<br>\r\n<br>\r\n<b>A</b>sumir tu iluminación no es más que cultivarla para vivirla tal y como es. La luz todo lo revela, lo muestra; no se trata de cambiar tu realidad externa, se trata de verla con los ojos del espíritu, donde la libertad de esta visión te permite ver el teatro montado por ti mismo, ¿Y por qué montado por tí mismo?, porque eres tú quién ha elegido ver esa realidad… la realidad sucede en tu interior, no en tu exterior. ¿Para qué volverse pirata, cuando puedes navegar en el océano de la iluminación sin robar los pensamientos ni creencias de nadie?. En tu vida has sido un ladrón de ideas, mas estas ideas sólo han causado la oscuridad de tu conciencia, no sería un pecado si fueras ladrón de pensamientos y creencias que te llevarán a vivir en constante iluminación, sería vivir en el reino de los cielos eternamente. \r\n<br>\r\n<br>\r\n<b>L</b>a iluminación es un modo de vida, no es una experiencia temporal, por ello consideras a veces que la iluminación es difícil, pero no es así, es más fácil ser iluminado que ser oscuro de entendimiento; sólo debes morir a tus pensamientos y a defender tu efímero yo terrestre que sólo sirve en este momento para sentirte estancado. La conciencia evoluciona a medida que entiende, la realidad se crea en el interior y se refleja en el exterior, el que estés viendo estas palabras significa sólo una cosa: que ya incorporaste en ti el pensamiento y la creencia de la iluminación, ahora ¿aceptarás tu iluminación tan fácilmente como aceptas la oscura ignorancia de ti mismo?\r\n<br>\r\n<br>\r\n<b>C</b>uando aparezca la duda, entra en el observador que eres por naturaleza, despréndete de ti y crea una realidad diferente, la realidad cambia a medida que nuestra visión interna cambia; sostenla en el desierto Interior y no vuelvas a golpearte la cabeza y olvidar que eres libre y sin temor. Entra en tu hogar de luz, vístete de vida y ámala observando cómo fluye ante ti natural y sincrónicamente. Si la duda llega observa y ama, si la preocupación llega, observa y ama. \r\n<br>\r\n<br>\r\n<b>Y</b> así como puedes amar este momento tal y como está aconteciendo desde tu iluminación, también puedes crear uno diferente con acción decidida, mas sin apegarte a los posibles frutos, sólo crea por el placer de crear, sirve por el placer de servir; nada tiene que ver el mundo, tú no estás haciendo nada por el mundo, ni por tus hijos, ni por tu pareja, todo lo que estás haciendo lo haces por ti y para ti, a fin de que puedas recordar quién eres y vivir desde ese estado de iluminación de ti mismo, vuelve a tu hogar y despierta del sueño de amnesia en el que has caído. \r\n<br>\r\n<br>\r\n<b>Autor: Fabio Nelson Caicedo Arboleda - Team InLife </b>', 0),
(12, 2, 'Conocimiento adquirido', 'La mayoría de los seres humanos acepta con sumisión, y en algunas ocasiones por respeto, admiración o miedo, las ideas impuestas y formas de responderle a las situaciones.', 'docs/doc_5/img_doc_5.png', 'docs/doc_5/doc_5.pdf', '<b>H</b>emos nacido a la materia para experimentar una verdad intangible \r\ndentro de un mundo tangible, el conocimiento es el puente”\r\n<br>\r\n<br>\r\n<b>N</b>acemos con un cerebro virgen que no reconoce formas, colores, nombres o leyes físicas. Sólo llegamos con nuestros cinco sentidos, herramientas para experimentar el mundo y sus constantes dinámicas.  Los sentidos son ayudantes de nuestra mente (o estado de conciencia), le envían la información recolectada de las vivencias a través de un mecanismo que hemos denominado “emoción”. Por tanto, la emoción es el tesoro del conocimiento. Hemos venido a acumular experiencias emocionales, que luego son traducidas en un entendimiento cada vez mayor de nosotros mismos y la vida misma, acrecentando de esta manera nuestro estado de conciencia, que naturalmente traerá mayor claridad, inteligencia y sabiduría.\r\n<br>\r\n<br>\r\n<b>S</b>in embargo, nos hemos visto influenciados desde nuestra primera respiración por el sistema de pensamiento colectivo, que con las mejores intenciones nos transmite, a través de nuestros padres y parientes cercanos en su primer momento, las formas en que debemos ver la vida y las respuestas que tenemos que darle a las diversas situaciones que se nos presentan. Así, se nos enseña por ejemplo a no tocar el fuego porque nos podemos quemar, evitando a toda costa que sintamos la experiencia de dolor que se produce cuando nos quemamos. Esto no se ve inadecuado en favor de la protección del cuerpo físico, pero si es inapropiado en favor de la experiencia personal que todos venimos a buscar desde que salimos del vientre de nuestra madre.\r\n<br>\r\n<br>\r\n<b>L</b>a mayoría de los seres humanos acepta con sumisión, y en algunas ocasiones por respeto, admiración o miedo, las ideas impuestas y formas de responderle a las situaciones, apropiándose de lo que en realidad no es suyo, puesto que no ha interiorizado la experiencia por su propia vivencia. En otras palabras, nos hemos vuelto expertos ladrones de ideas, mas la mayoría de éstas no están en concordancia con nuestro anhelo de bienestar interno y externo. Lo que es más, copiamos de la sociedad y pegamos en las nuevas generaciones el mismo mensaje que recibimos con igual estilo de imposición, esto es, replicamos un estado de conciencia que no nos aporta como humanidad para lograr estados de mayor bienestar que se vean reflejados en condiciones de vida armoniosas para todos los seres humanos. \r\n<br>\r\n<br>\r\n<b>N</b>os educamos en no hacerle caso a nuestra propia experiencia, razón por la cual el fruto que hoy recogemos nos hace sentir confusos, perdidos y sin sentido de existencia a través del apego inconsciente a emociones como la ira, la tristeza o la depresión. Ahora tenemos la oportunidad de salirnos de la universidad de la ignorancia e inscribirnos en la universidad del conocimiento, más no uno que viene directamente de algún maestro, sino aquel que proviene de nuestras propias vivencias, de allí que al traducir el concepto emocional en una verdad intelectual, podremos hablar verdaderamente de experiencia. La experiencia no son los años que se tienen, ni el tener las barba blanca, o hablar de todos los viajes que se han hecho en la vida, ni los títulos profesionales que hemos alcanzado; es  la extracción de la verdad de nuestras vivencias para aplicarla a modo de una nueva respuesta a las situaciones similares que se nos presentan. La verdad no es única para todos los seres humanos, cada quién, a través de su propia experiencia, establece una verdad que se moldea y muta a medida que se vive; incluso la verdad no es fija dentro de nosotros, puesto que a partir de nuevas experiencias ésta se transforma en concordancia con  nuestros nuevos hallazgos “emocionales”.\r\n<br>\r\n<br>\r\n<b>N</b>o quiere decir esto que en adelante vamos a ser imprudentes y vamos a lanzarnos a vivir emociones sin pensar. Quiere decir que en uso de nuestras facultades de raciocinio y en conocimiento del principio de que la siembra es igual a la cosecha, hemos de permitirnos prestar más atención a nuestras emociones y traducir lo que nos están comunicando; escuchar y ser más fiel a nuestra voz interna (la voz de la experiencia) que al pensamiento del mundo (cualquiera fuera de nosotros). \r\n<br>\r\n<br>\r\n<b>D</b>esde esta nueva práctica de experiencia consciente, hemos de tomar plena conciencia de cómo causamos daños internos en el estado de conciencia de aquellos a quienes deseamos imponer nuestros pensamientos y formas de ver la vida; reconociendo que cada ser humano debe hallar su verdad, moldeándola y edificándola sobre sí misma para llegar a un respeto mutuo.\r\n<br>\r\n<br>\r\n<b>Autor: Fabio Nelson Caicedo Arboleda - Team InLife</b>\r\n', 0),
(13, 2, 'La parábola del camaleón', 'Sé tú, sigue tus propios sueños y no los de otros, aunque te critiquen y se burlen de ti, comprende que ellos sólo están pidiendo compañía desde sus limitaciones', 'docs/doc_6/img_doc_6.png', 'docs/doc_6/doc_6.pdf', '<b>A</b>lgún día y en algún lugar, caminaba un Camaleón por el bosque, alegre, danzante y feliz. En su andar vio que a unos metros de altura, se hallaban dos aves en la rama de un árbol; éstas, al verlo se dijeron entre sí:\r\n<br>\r\n<br>\r\n- ¡Que feo Camaleón, que feo color tiene!\r\n<br>\r\n<br>\r\n<b>A</b>l escuchar esto, el Camaleón se perturbó, mas decidió seguir su camino olvidando pronto aquel desagradable comentario. Más adelante se encontró con un par de hormigas que se susurraron entre sí:\r\n<br>\r\n<br>\r\n- ¡Que feo color tiene ese animal, debería ser más bonito, más radiante!\r\n- Ya son dos comentarios iguales en el mismo día – se dijo a sí mismo el Camaleón, que se esforzó en seguir con una actitud alegre y feliz a pesar de todo.\r\n<br>\r\n<br>\r\n<b>P</b>ero ya no pudo más, cuando en su camino dos patos, dos coalas y dos cien pies dijeron exactamente lo mismo, y ya no susurrando, sino ¡en voz alta!\r\n<br>\r\n<br>\r\n<b>D</b>espués de todo esto, el Camaleón se fue a un rincón del bosque, allí pensó y pensó… finalmente llegó a la decisión de que tomaría el color de cada animal o planta con la que se encontrara, para parecerse a ella y así no ser jamás juzgado ni criticado por ser como originalmente era.\r\n<br>\r\n<br>\r\n<b>Y</b> así lo hizo, con la idea de “debo ser como los otros para ser aceptado y que no me juzguen”, empezó a tomar el color de cada animal y lugar en el que andaba, los comentarios que se escuchaban ahora eran:\r\n<br>\r\n<br>\r\n- ¡Qué bello Camaleón, que bonito color, es maravilloso, con colores como los míos!\r\n<br>\r\n<br>\r\n<b>Y</b> en cada sitio que visitaba se le halagaba, todos los que antes le juzgaban, ahora lo aceptaban por ser como ellos querían que él fuera. Esto le producía una aparente sensación de bienestar y alegría, mas en el fondo de su ser sentía que algo le cuestionaba todos los días.\r\n<br>\r\n<br>\r\n<b>D</b>ía tras día, donde quiera que caminara, se encontraba en distintas circunstancias, diferentes animales y variadas vivencias. A lo largo de su vida sentía que no era él, que era un disfraz. Cada día se sentía más triste, pero nunca lo demostraba, pues fingía estar feliz tomando el color de cada cosa y animal; se sentía más vacío siendo otros y no el mismo.\r\n<br>\r\n<br>\r\n<b>S</b>u vida continuó así por mucho tiempo, hasta que un día se topó con un arroyo, quiso calmar su sed y se acercó a las quietas y cristalinas aguas para beber un poco. Era su costumbre tomar el color de cada cosa con la que se encontraba, sin embargo no pudo tomar el color del agua, pues ¡era transparente!, y entonces sucedió: después de muchos años de estar tomando el color de todo, pudo ver su color original, le sorprendió tanto, pues ya había olvidado quien era realmente.\r\nFue un momento de absoluta confrontación consigo mismo y una pregunta resonó en todo su ser: ¿Acaso he desperdiciado toda mi vida siendo aquel que otros querían que fuera, y no lo que yo quería ser?\r\n<br>\r\n<br>\r\n<b>D</b>espués de meditarlo un poco, comprendió que los otros sólo necesitaban sentirse acompañados en sus propias limitaciones, y tomó la decisión de nunca más volver a ser como aquellos le decían que tenía que ser, sino como su corazón le llamaba a ser.\r\n<br>\r\n<br>\r\n“Sé tú, sigue tus propios sueños y no los de otros, aunque te critiquen y se burlen de ti, comprende que ellos sólo están pidiendo compañía en sus limitaciones para no sentirse solos, y la única manera en que puedes ayudarles es yendo tras tus sueños. Eres maravilloso como eres, ve tras tus sueños, pues es el único camino que te dará felicidad absoluta a ti y a todos los que te rodean”.\r\n<br>\r\n<br>\r\n<b>Autor: Fabio Nelson Caicedo Arboleda - Team InLife</b>', 0),
(14, 2, 'La meditación es esencial para la vida', 'La vida es siempre un proceso meditativo, un proceso de contemplación, pero no con respecto a algo en particular.', 'docs/doc_7/img_doc_7.png', 'docs/doc_7/doc_7.pdf', '<b>C</b>omprender todo este problema de la influencia, la influencia del conocimiento, de la experiencia, de los motivos internos y externos -descubrir qué es verdadero y qué es falso, y ver la verdad en lo así llamado falso-, requiere un discernimiento tremendo, una comprensión de las cosas tal como son, ¿no es así? Todo este proceso es, ciertamente, el camino de la meditación. La meditación es esencial en la vida, en nuestra existencia cotidiana, tal como es esencial la belleza. La percepción de la belleza, la sensibilidad hacia las cosas, tanto a las desagradables como a las bellas, es fundamental: ver un árbol hermoso, un cielo bello en el atardecer, ver el vasto horizonte donde las nubes se reúnen a medida que el Sol se va poniendo.\r\n<br>\r\n<br>\r\n<b>T</b>odo esto es necesario: la percepción de la belleza y comprender el camino de la meditación, porque la vida es todo eso, como lo es también el asistir a la oficina, como lo son las riñas, las desdichas, el esfuerzo perpetuo, la ansiedad, los temores profundos, el amor y el hambre. La comprensión de este proceso total de la existencia: las influencias, los sufrimientos, el esfuerzo cotidiano, la perspectiva autoritaria del vivir, las acciones políticas, etc., todo esto es la vida, y el proceso de comprenderlo todo y liberar la mente, es meditación. Si uno comprende realmente esto, entonces la vida es siempre un proceso meditativo, un proceso de contemplación, pero no con respecto a algo en particular. Estar alerta a este proceso total de la existencia, observarlo, penetrar desapasionadamente en él y liberarnos de él, eso es meditación.\r\nKrishnamurti.\r\n<br>\r\n<br>\r\n<b>Autor: Fabio Nelson Caicedo Arboleda -  Team InLife</b>', 1);

-- --------------------------------------------------------

--
-- Estructura de tabla para la tabla `registro_eventos`
--

CREATE TABLE `registro_eventos` (
  `id_reg_evento` int(11) NOT NULL,
  `id_persona` int(11) NOT NULL,
  `fecha_evento_1` text NOT NULL,
  `hora_evento_1` text NOT NULL,
  `lat_evento_1` text NOT NULL,
  `long_evento_1` text NOT NULL,
  `fecha_evento_2` text NOT NULL,
  `hora_evento_2` text NOT NULL,
  `lat_evento_2` text NOT NULL,
  `long_evento_2` text NOT NULL,
  `fecha_evento_3` text NOT NULL,
  `hora_evento_3` text NOT NULL,
  `lat_evento_3` text NOT NULL,
  `long_evento_3` text NOT NULL
) ENGINE=MyISAM DEFAULT CHARSET=latin1;

--
-- Volcado de datos para la tabla `registro_eventos`
--

INSERT INTO `registro_eventos` (`id_reg_evento`, `id_persona`, `fecha_evento_1`, `hora_evento_1`, `lat_evento_1`, `long_evento_1`, `fecha_evento_2`, `hora_evento_2`, `lat_evento_2`, `long_evento_2`, `fecha_evento_3`, `hora_evento_3`, `lat_evento_3`, `long_evento_3`) VALUES
(142, 29, '30.5.2016', '21:57:33', '+3.45246', '-76.53575799999999', '30.5.2016', '22:06:25', '+3.45246', '-76.53575799999999', '', '', '', ''),
(143, 30, '30.5.2016', '22:37:56', '+3.45246', '-76.53575799999999', '', '', '', '', '', '', '', ''),
(114, 1, '15.4.2016', '23:36:14', '+3.3446076', '-76.5431278', '', '', '', '', '16.4.2016', '14:56:19', '+3.3449052', '-76.5440433'),
(115, 2, '15.4.2016', '23:38:10', '+3.3446076', '-76.5431278', '', '', '', '', '16.4.2016', '15:04:05', '+3.3449052', '-76.5440433'),
(116, 3, '15.4.2016', '23:39:18', '+3.3446076', '-76.5431278', '', '', '', '', '16.4.2016', '15:04:37', '+3.3449052', '-76.5440433'),
(117, 4, '15.4.2016', '23:40:26', '+3.3446076', '-76.5431278', '', '', '', '', '16.4.2016', '15:13:51', '+3.3449052', '-76.5440433'),
(118, 5, '15.4.2016', '23:42:35', '+3.3446076', '-76.5431278', '', '', '', '', '16.4.2016', '15:14:19', '+3.3449052', '-76.5440433'),
(119, 6, '15.4.2016', '23:43:58', '+3.3446076', '-76.5431278', '', '', '', '', '25.4.2016', '18:31:59', '', ''),
(120, 7, '15.4.2016', '23:44:47', '+3.3446076', '-76.5431278', '', '', '', '', '16.4.2016', '15:14:44', '+3.3449052', '-76.5440433'),
(121, 8, '15.4.2016', '23:45:27', '', '', '', '', '', '', '16.4.2016', '15:15:03', '+3.3449052', '-76.5440433'),
(122, 9, '15.4.2016', '23:46:47', '+3.3446076', '-76.5431278', '', '', '', '', '16.4.2016', '15:15:21', '+3.3449052', '-76.5440433'),
(123, 10, '15.4.2016', '23:47:35', '+3.3446076', '-76.5431278', '', '', '', '', '16.4.2016', '15:16:17', '+3.3449052', '-76.5440433'),
(124, 11, '15.4.2016', '23:49:05', '+3.3446076', '-76.5431278', '', '', '', '', '25.4.2016', '18:52:41', '+3.2743306999999997', '-76.5062789'),
(125, 12, '15.4.2016', '23:49:48', '+3.3446076', '-76.5431278', '', '', '', '', '16.4.2016', '15:17:12', '+3.3449052', '-76.5440433'),
(126, 13, '15.4.2016', '23:50:48', '+3.3446076', '-76.5431278', '', '', '', '', '16.4.2016', '15:20:21', '+3.3449052', '-76.5440433'),
(127, 14, '15.4.2016', '23:52:06', '+3.3446076', '-76.5431278', '', '', '', '', '16.4.2016', '15:20:41', '+3.3449052', '-76.5440433'),
(128, 15, '15.4.2016', '23:52:44', '+3.3446076', '-76.5431278', '', '', '', '', '16.4.2016', '15:20:58', '+3.3449052', '-76.5440433'),
(129, 16, '15.4.2016', '23:54:20', '+3.3446076', '-76.5431278', '', '', '', '', '16.4.2016', '15:21:20', '+3.3449052', '-76.5440433'),
(130, 17, '16.4.2016', '00:00:23', '+3.3446076', '-76.5431278', '', '', '', '', '16.4.2016', '15:25:13', '+3.3449052', '-76.5440433'),
(131, 18, '16.4.2016', '00:01:56', '+3.3446076', '-76.5431278', '', '', '', '', '16.4.2016', '15:27:11', '+3.3449052', '-76.5440433'),
(132, 19, '4.5.2016', '20:56:35', '', '', '', '', '', '', '', '', '', '');

-- --------------------------------------------------------

--
-- Estructura de tabla para la tabla `respuestas`
--

CREATE TABLE `respuestas` (
  `id_respuesta` int(11) NOT NULL,
  `id_tipo_respuesta` int(11) NOT NULL,
  `respuesta_es` text NOT NULL,
  `respuesta_en` text NOT NULL
) ENGINE=MyISAM DEFAULT CHARSET=latin1;

-- --------------------------------------------------------

--
-- Estructura de tabla para la tabla `respuesta_actividad_reto`
--

CREATE TABLE `respuesta_actividad_reto` (
  `id_respuesta_actividad_reto` int(11) NOT NULL,
  `id_actividad_reto` int(11) NOT NULL,
  `id_persona` int(11) NOT NULL,
  `respuesta` text NOT NULL,
  `respuesta_examen` int(11) NOT NULL DEFAULT '0'
) ENGINE=MyISAM DEFAULT CHARSET=latin1;

--
-- Volcado de datos para la tabla `respuesta_actividad_reto`
--

INSERT INTO `respuesta_actividad_reto` (`id_respuesta_actividad_reto`, `id_actividad_reto`, `id_persona`, `respuesta`, `respuesta_examen`) VALUES
(12, 3, 4, '3', 4),
(11, 4, 4, '2', 1);

-- --------------------------------------------------------

--
-- Estructura de tabla para la tabla `retos`
--

CREATE TABLE `retos` (
  `id_reto` int(11) NOT NULL,
  `nombre_reto` text NOT NULL,
  `descripcion_reto` text NOT NULL
) ENGINE=MyISAM DEFAULT CHARSET=latin1;

--
-- Volcado de datos para la tabla `retos`
--

INSERT INTO `retos` (`id_reto`, `nombre_reto`, `descripcion_reto`) VALUES
(1, 'Reto Primordial', 'Reto Primordial');

-- --------------------------------------------------------

--
-- Estructura de tabla para la tabla `retos_x_persona`
--

CREATE TABLE `retos_x_persona` (
  `id_retos_x_persona` int(11) NOT NULL,
  `id_reto` int(11) NOT NULL,
  `id_persona` int(11) NOT NULL,
  `pago` int(11) NOT NULL
) ENGINE=MyISAM DEFAULT CHARSET=latin1;

--
-- Volcado de datos para la tabla `retos_x_persona`
--

INSERT INTO `retos_x_persona` (`id_retos_x_persona`, `id_reto`, `id_persona`, `pago`) VALUES
(1, 1, 4, 1);

-- --------------------------------------------------------

--
-- Estructura de tabla para la tabla `salmos`
--

CREATE TABLE `salmos` (
  `id_salmo` int(11) NOT NULL,
  `numero_salmo` int(11) NOT NULL,
  `salmo_es` text NOT NULL,
  `salmo_en` text NOT NULL
) ENGINE=MyISAM DEFAULT CHARSET=latin1;

--
-- Volcado de datos para la tabla `salmos`
--

INSERT INTO `salmos` (`id_salmo`, `numero_salmo`, `salmo_es`, `salmo_en`) VALUES
(1, 0, 'Pero tú eres mi escudo protector y mi gloria, tú mantienes erguida mi cabeza. ', 'But thou, O LORD, art a shield about me; my glory, and the lifter up of my head.'),
(2, 0, 'Pero tú, Señor, no te quedes lejos; tú que eres mi fuerza, ven pronto a socorrerme.', 'But Thou, O LORD, be not far off; O Thou my strength, hasten to help me.'),
(3, 0, 'di al Señor: "Mi refugio y mi baluarte, mi Dios, en quien confío".', ' I will say of the LORD, who is my refuge and my fortress, my God, in whom I trust'),
(4, 0, 'Vuélvete, Señor, libera mi alma, sálvame por tu misericordia ', 'Return, O LORD, deliver my soul; save me for Thy mercy''s sake.'),
(5, 0, 'Busqué al Señor: él me respondió y me libró de todos mis temores.', 'I sought the LORD, and He answered me, and delivered me from all my fears.'),
(6, 0, 'Canten al Señor, que reina en Sión, proclamen entre los pueblos sus proezas. ', 'Sing praises to the LORD, who dwelleth in Zion; declare among the peoples His doings.'),
(7, 0, ' El Señor es bondadoso y compasivo, lento para enojarse y de gran misericordia', 'The LORD is full of compassion and gracious, slow to anger, and plenteous in mercy.'),
(8, 0, '¡Entren, inclinémonos para adorarlo! ¡Doblemos la rodilla ante el Señor que nos creó!', 'O come, let us bow down and bend the knee; let us kneel before the LORD our Maker;'),
(9, 0, 'Acuérdate, Señor, de tu compasión y de tu amor, porque son eternos.', 'Remember, O LORD, Thy compassions and Thy mercies; for they have been from of old.'),
(10, 0, 'Señor, deja que tu misericordia descienda sobre nosotros, conforme a la esperanza que tenemos en ti.', ' Let Thy mercy, O LORD, be upon us, according as we have waited for Thee.'),
(11, 0, '¡Viva el Señor! ¡Bendita sea mi Roca! ¡Glorificado sea el Dios de mi salvación', 'The LORD liveth, and blessed be my Rock; and exalted be the God of my salvation'),
(12, 0, '¿Por qué te quedas lejos, Señor, y te ocultas en los momentos de peligro?', 'Why standest Thou afar off, O LORD? Why hidest Thou Thyself in times of trouble?'),
(13, 0, 'Aclame al Señor toda la tierra, prorrumpan en cantos jubilosos.', 'Shout unto the LORD, all the earth; break forth and sing for joy, yea, sing praises.'),
(14, 0, 'El Señor sostiene a todos los que caen, Y levanta a todos los oprimidos."', 'The LORD also will be a high tower for the oppressed, a high tower in times of trouble'),
(15, 0, 'Pero el Señor es mi fortaleza, mi Dios es la Roca de mi refugio', 'But the LORD hath been my high tower, and my God the rock of my refuge.'),
(16, 0, '¡Señor, mi Dios y mi salvador, día y noche estoy clamando ante ti', 'O LORD, God of my salvation, what time I cry in the night before Thee'),
(17, 0, '¡Señor, nuestro Dios, qué glorioso es tu Nombre en toda la tierra!', 'O LORD, our Lord, how glorious is Thy name in all the earth!'),
(18, 0, 'El Señor es el Juez de las naciones: júzgame, Señor, conforme a mi justicia y de acuerdo con mi integridad.', 'O LORD, who ministerest judgment to the peoples, judge me, O LORD, according to my righteousness, and according to mine integrity that is in me.'),
(19, 0, 'Esperé confiadamente en el Señor: él se inclinó hacia mí y escuchó mi clamor.', 'I waited patiently for the LORD; and He inclined unto me, and heard my cry.'),
(20, 0, '¡Libra mi alma, Señor, de los labios mentirosos y de la lengua traicionera.', ' O LORD, deliver my soul from lying lips, from a deceitful tongue.'),
(21, 0, 'Pero yo confío en ti, Señor, y te digo: "Tú eres mi Dios', ' But as for me, I have trusted in Thee, O LORD; I have said: ''Thou art my God.'''),
(22, 0, 'El Señor es tu guardián, es la sombra protectora a tu derecha', 'The LORD is thy keeper; the LORD is thy shade upon thy right hand.'),
(23, 0, 'Él te protegerá en la partida y el regreso, ahora y para siempre.', 'The LORD shall guard thy going out and thy coming in, from this time forth and for ever.'),
(24, 0, 'Los ojos del Señor están fijos sobre los que le temen, sobre los que esperan en su misericordia', 'Behold, the eye of the LORD is toward them that fear Him, toward them that wait for His mercy;'),
(25, 0, 'Te doy gracias, Señor, de todo corazón y proclamaré todas tus maravillas.', 'I will give thanks unto the LORD with my whole heart; I will tell of all Thy marvellous works.'),
(26, 0, 'Yo clamo de todo corazón: contéstame, Señor, y observaré tus preceptos.', 'I have called with my whole heart; answer me, O LORD; I will keep Thy statutes.'),
(27, 0, 'Líbrame, Señor, de la gente malvada, protégeme de los hombres violentos', 'Deliver me, O LORD, from the evil man; preserve me from the violent man;'),
(28, 0, '¡Señor, no te quedes lejos de mí Dios mío, ven pronto a socorrerme!', 'O God, be not far from me; O my God, make haste to help me.'),
(29, 0, 'Pero Dios es mi ayuda, el Señor es el verdadero sostén de mi alma', 'Behold, God is my helper; the Lord is for me as the upholder of my soul.'),
(30, 0, 'Porque tú, Señor, eres mi esperanza y mi seguridad desde mi juventud.', 'For Thou art my hope; O Lord GOD, my trust from my youth.'),
(31, 0, 'Vendré a celebrar las proezas del Señor, evocaré tu justicia, que es sólo tuya.', 'I will come with Thy mighty acts, O Lord GOD; I will make mention of Thy righteousness, even of Thine only.'),
(32, 0, 'Porque la palabra del Señor es recta y él obra siempre con lealtad', 'For the word of the LORD is upright; and all His work is done in faithfulness.'),
(33, 0, '¡El Señor conoce los pensamientos de los hombres y sabe muy bien que son vanos!', 'The LORD knoweth the thoughts of man, that they are vanity.'),
(34, 0, 'Espere Israel en el Señor, desde ahora y para siempre.', 'O Israel, hope in the LORD from this time forth and for ever.'),
(35, 0, 'Amo al Señor, porque Él escucha mi voz y mis súplicas', 'I love that the LORD should hear my voice and my supplications.'),
(36, 0, 'Yo amo la Casa donde habitas, el lugar donde reside tu gloria.', 'LORD, I love the habitation of Thy house, and the place where Thy glory dwelleth.'),
(37, 0, '¡Restáuranos, Señor de los ejércitos, que brille tu rostro y seremos salvados! ', 'O God of hosts, restore us; and cause Thy face to shine, and we shall be saved.'),
(38, 0, 'Porque tu,oh Señor, eres mi refugio y has hecho al Altísimo tu morada.', 'For thou hast made the LORD who is my refuge, even the Most High, thy habitation.'),
(39, 0, 'Escucha, Señor, ten piedad de mí; ven a ayudarme, Señor".', 'Hear, O LORD, and be gracious unto me; LORD, be Thou my helper.'''),
(40, 0, '¿Por qué te deshaces de mi alma, Señor? ¿Por qué me ocultas tu rostro? ', 'LORD, why castest Thou off my soul? Why hidest Thou Thy face from me?'),
(41, 0, '¡Líbra mi alma, Señor, de los labios mentirosos, y de la lengua traicionera.', 'O LORD, deliver my soul from lying lips, from a deceitful tongue.'),
(42, 0, 'El Señor te protegerá de todo mal y cuidará tu alma. ', 'The LORD shall keep thee from all evil; He shall keep thy soul.'),
(43, 0, 'Yo invoco tu ayuda, Señor, desde temprano te llega mi plegaria', 'But as for me, unto Thee, O LORD, do I cry, and in the morning doth my prayer come to meet Thee.'),
(44, 0, 'Acepta, Señor, las ofrendas de mis labios, y enséñame tus ordenanzas.', 'Accept, I beseech Thee, the freewill-offerings of my mouth, O LORD, and teach me Thine ordinances.'),
(45, 0, 'Cuando pienso que voy a resbalar, tu misericordia, Señor, me sostiene', 'If I say: ''My foot slippeth'', Thy mercy, O LORD, holdeth me up.'),
(46, 0, 'El Señor es bueno con todos y tiene compasión de todas sus criaturas. ', 'The LORD is good to all; and His tender mercies are over all His works.'),
(47, 0, '¡Qué variadas son tus obras, Señor! ¡Todo lo hiciste con sabiduría, la tierra está llena de tus criaturas!', 'How manifold are Thy works, O LORD! In wisdom hast Thou made them all; the earth is full of Thy creatures.'),
(48, 0, 'El Señor manifestó su victoria, reveló su justicia a los ojos de las naciones', 'The LORD hath made known His salvation; His righteousness hath He revealed in the sight of the nations.'),
(49, 0, '¡Grande es el Señor y muy digno de alabanza: su grandeza es insondable!', 'Great is the LORD, and highly to be praised; and His greatness is unsearchable.'),
(50, 0, ' El Señor es bondadoso y compasivo, lento para enojarse y de gran misericordia', 'The LORD is full of compassion and gracious, slow to anger, and plenteous in mercy.'),
(51, 0, 'Sea la gloria del Señor para siempre; Alégrese el Señor en sus obras."', 'May the glory of the LORD endure for ever; let the LORD rejoice in His works!'),
(52, 0, '"Daré gracias al Señor conforme a su justicia, Y cantaré al nombre del Señor Altísimo." ', 'I will give thanks unto the LORD according to His righteousness; and will sing praise to the name of the LORD Most High.'),
(53, 0, 'Yo sé, Señor, que Tus juicios son justos, Y que conforme á tu fidelidad me afligiste.', 'I know, O LORD, that Thy judgments are righteous, and that in faithfulness Thou hast afflicted me.'),
(54, 0, '" El Señor estableció su trono en los cielos ; Y su reino domina sobre todos."', 'The LORD hath established His throne in the heavens; and His kingdom ruleth over all.'),
(55, 0, 'Pero tú, Señor, reinas para siempre, y tu Nombre permanece eternamente.', 'But Thou, O LORD, sittest enthroned for ever; and Thy name is unto all generations.'),
(56, 0, 'El Señor sostiene a todos los que caen, Y levanta a todos los oprimidos."', 'The LORD upholdeth all that fall, and raiseth up all those that are bowed down.'),
(57, 0, 'Confíen en el Señor todos los que lo temen: él es su ayuda y su escudo.', 'Ye that fear the LORD, trust in the LORD! He is their help and their shield.'),
(58, 0, ' Mi alma está atormentada, y tú, Señor, ¿hasta cuándo?', 'My soul also is sore affrighted; and Thou, O LORD, how long?'),
(59, 0, 'Desde la salida del sol hasta su ocaso, sea alabado el nombre del Señor.', 'From the rising of the sun unto the going down thereof the LORD''S name is to be praised.'),
(60, 0, 'El Señor es justo en todos sus caminos y bondadoso en todas sus acciones', 'The Lord is righteous in all his ways, and gracious in all His works.'),
(61, 0, '"Bendito sea el nombre del Señor, desde ahora y para siempre."', 'Blessed be the name of the LORD from this time forth and forever.'),
(62, 0, 'Mira, Oh Señor, como amo tus preceptos, vivifícame conforme a tu misericordia.', 'O see how I love Thy precepts; quicken me, O LORD, according to Thy lovingkindness.'),
(63, 0, 'Sirvan al Señor con temor, y regocijense temblando', 'Serve the LORD with fear, and rejoice with trembling.'),
(64, 0, 'He aquí, el ojo del Señor está sobre los que le temen, sobre los que esperan su misericordia.', 'Behold, the eye of the LORD is toward them that fear Him, toward them that wait for His mercy'),
(65, 0, '¡Vuélvete, Señor! ¿Hasta cuándo...? Ten compasión de tus servidores.', 'Return, O LORD; how long? And let it repent Thee concerning Thy servants.'),
(66, 0, '" No me abandones, Oh mi Señor, no estes lejos de mi. "', 'Forsake me not, O LORD; O my God, be not far from me.'),
(67, 0, '¨Que el Señor sea tu único deleite, y Él colmará los deseos de tu corazón".', 'So shalt thou delight thyself in the LORD; and He shall give thee the petitions of thy heart.'),
(68, 0, '¨ALELUYA. Den gracias al Señor, porque es bueno,  para que Su misericordia perdure por siempre.¨', '"Hallelujah! O give thanks unto the LORD; for He is good; for His mercy endureth forever" '),
(69, 0, 'El Señor es la parte de mi herencia y mi cáliz,Tú  decides mi suerte!¨', 'O LORD, the portion of mine inheritance and of my cup, Thou maintainest my lot.'),
(70, 0, '¨En el principio Dios creo el cielo y la tierra¨ ', 'In the beginning God created the heaven and the earth.'),
(71, 0, '" Yo daré gracias al Señor con mi boca, Y lo alabaré en medio de la multitud".', 'I will give great thanks unto the LORD with my mouth; yea, I will praise Him among the multitude;'),
(72, 0, '" Alma mía, recobra la calma,porque el Señor ha sido bueno contigo."', 'Return, O my soul, unto thy rest; for the LORD hath dealt bountifully with thee.');

-- --------------------------------------------------------

--
-- Estructura de tabla para la tabla `senderos`
--

CREATE TABLE `senderos` (
  `id_sendero` int(11) NOT NULL,
  `id_tipo_sendero` int(11) NOT NULL,
  `nombre_sendero` text NOT NULL,
  `desc_sendero` text NOT NULL,
  `objetivo` text NOT NULL,
  `duracion` text NOT NULL,
  `intro_texto` text,
  `intro_audio` text
) ENGINE=MyISAM DEFAULT CHARSET=latin1;

-- --------------------------------------------------------

--
-- Estructura de tabla para la tabla `senderosxplanetasxaspectos`
--

CREATE TABLE `senderosxplanetasxaspectos` (
  `idsenderoxplanetaxaspecto` int(11) NOT NULL,
  `idsendero` int(11) NOT NULL,
  `idplaneta` int(11) NOT NULL,
  `idplanetacompare` int(11) NOT NULL,
  `idaspecto` int(11) NOT NULL
) ENGINE=MyISAM DEFAULT CHARSET=latin1;

-- --------------------------------------------------------

--
-- Estructura de tabla para la tabla `senderosxusuarios`
--

CREATE TABLE `senderosxusuarios` (
  `idsenderosxusuarios` int(11) NOT NULL,
  `id_persona` int(11) NOT NULL,
  `id_sendero` int(11) NOT NULL,
  `id_elemento` int(11) NOT NULL
) ENGINE=MyISAM DEFAULT CHARSET=latin1;

-- --------------------------------------------------------

--
-- Estructura de tabla para la tabla `senderos_aspectos`
--

CREATE TABLE `senderos_aspectos` (
  `id_sendero_aspecto` int(11) NOT NULL,
  `id_sendero` int(11) NOT NULL,
  `id_aspecto` int(11) NOT NULL,
  `id_planeta` int(11) NOT NULL,
  `id_planetacompare` int(11) NOT NULL
) ENGINE=MyISAM DEFAULT CHARSET=latin1;

-- --------------------------------------------------------

--
-- Estructura de tabla para la tabla `senderos_recursos_senderos`
--

CREATE TABLE `senderos_recursos_senderos` (
  `id_sendero_recurso_sendero` int(11) NOT NULL,
  `id_sendero` int(11) NOT NULL,
  `id_recurso_sendero` int(11) NOT NULL
) ENGINE=MyISAM DEFAULT CHARSET=latin1;

-- --------------------------------------------------------

--
-- Estructura de tabla para la tabla `sendero_areas`
--

CREATE TABLE `sendero_areas` (
  `id_sendero_area` int(11) NOT NULL,
  `id_sendero` int(11) NOT NULL,
  `id_area_exp` int(11) NOT NULL
) ENGINE=MyISAM DEFAULT CHARSET=latin1;

-- --------------------------------------------------------

--
-- Estructura de tabla para la tabla `signos_zodiacales`
--

CREATE TABLE `signos_zodiacales` (
  `id_signo_zodiacal` int(11) NOT NULL,
  `id_piedra` int(11) NOT NULL,
  `id_elemento` int(11) NOT NULL,
  `imagen_signo` text NOT NULL,
  `signo_zodiaco_es` text NOT NULL,
  `signo_zodiaco_en` text NOT NULL,
  `id_color_signo` int(11) NOT NULL
) ENGINE=MyISAM DEFAULT CHARSET=latin1;

--
-- Volcado de datos para la tabla `signos_zodiacales`
--

INSERT INTO `signos_zodiacales` (`id_signo_zodiacal`, `id_piedra`, `id_elemento`, `imagen_signo`, `signo_zodiaco_es`, `signo_zodiaco_en`, `id_color_signo`) VALUES
(1, 1, 2, '', 'Aries', 'Aries\r', 2),
(2, 2, 3, '', 'Tauro', 'Taurus\r', 8),
(3, 3, 1, '', 'Geminis', 'Gemini\r', 9),
(4, 4, 4, '', 'Cáncer', 'Cancer\r', 10),
(5, 5, 2, '', 'Leo', 'Leo\r\n', 11),
(6, 6, 3, '', 'Virgo', 'Virgo\r', 12),
(7, 7, 1, '', 'Libra', 'Libra\r', 13),
(8, 8, 4, '', 'Escorpión', 'Scorpio\r', 14),
(9, 9, 2, '', 'Sagitario', 'Sagittarius \r', 3),
(10, 10, 3, '', 'Capricornio', 'Capricorn\r', 16),
(11, 11, 1, '', 'Acuario', 'Aquarius\r', 17),
(12, 12, 4, '', 'Piscis', 'Pisces', 18);

-- --------------------------------------------------------

--
-- Estructura de tabla para la tabla `tipos_actividades`
--

CREATE TABLE `tipos_actividades` (
  `id_tipo_actividad` int(11) NOT NULL,
  `tipo_actividad` text NOT NULL
) ENGINE=MyISAM DEFAULT CHARSET=latin1;

--
-- Volcado de datos para la tabla `tipos_actividades`
--

INSERT INTO `tipos_actividades` (`id_tipo_actividad`, `tipo_actividad`) VALUES
(1, 'Inicio\r'),
(2, 'Desarrollo\r'),
(3, 'Cierre');

-- --------------------------------------------------------

--
-- Estructura de tabla para la tabla `tipos_guias_coach`
--

CREATE TABLE `tipos_guias_coach` (
  `id_tipo_guia_coach` int(11) NOT NULL,
  `desc_tipo_guia_coach` text NOT NULL
) ENGINE=MyISAM DEFAULT CHARSET=latin1;

--
-- Volcado de datos para la tabla `tipos_guias_coach`
--

INSERT INTO `tipos_guias_coach` (`id_tipo_guia_coach`, `desc_tipo_guia_coach`) VALUES
(1, 'Bienvenida\r'),
(2, 'Transición\r'),
(3, 'Cierre');

-- --------------------------------------------------------

--
-- Estructura de tabla para la tabla `tipos_preguntas`
--

CREATE TABLE `tipos_preguntas` (
  `id_tipo_pregunta` int(11) NOT NULL,
  `tipo_pregunta` text NOT NULL
) ENGINE=MyISAM DEFAULT CHARSET=latin1;

--
-- Volcado de datos para la tabla `tipos_preguntas`
--

INSERT INTO `tipos_preguntas` (`id_tipo_pregunta`, `tipo_pregunta`) VALUES
(1, 'Abierta'),
(2, 'Selección Múltiple'),
(3, 'Única Selección');

-- --------------------------------------------------------

--
-- Estructura de tabla para la tabla `tipos_recurso`
--

CREATE TABLE `tipos_recurso` (
  `id_tipo_recurso` int(11) NOT NULL,
  `tipo_recurso_actividad` text NOT NULL,
  `desc_tipo_recurso_actividad` text NOT NULL
) ENGINE=MyISAM DEFAULT CHARSET=latin1;

--
-- Volcado de datos para la tabla `tipos_recurso`
--

INSERT INTO `tipos_recurso` (`id_tipo_recurso`, `tipo_recurso_actividad`, `desc_tipo_recurso_actividad`) VALUES
(1, 'Multimedia', 'Video'),
(2, 'Documentos', 'PDF'),
(3, 'Apps', 'Aplicaciones'),
(4, 'Multimedia', 'Audio'),
(5, 'Texto', 'Texto');

-- --------------------------------------------------------

--
-- Estructura de tabla para la tabla `tipos_respuestas`
--

CREATE TABLE `tipos_respuestas` (
  `id_tipo_respuesta` int(11) NOT NULL,
  `tipo_respuesta` text NOT NULL
) ENGINE=MyISAM DEFAULT CHARSET=latin1;

-- --------------------------------------------------------

--
-- Estructura de tabla para la tabla `tipos_senderos`
--

CREATE TABLE `tipos_senderos` (
  `id_tipo_sendero` int(11) NOT NULL,
  `tipo_sendero` text NOT NULL
) ENGINE=MyISAM DEFAULT CHARSET=latin1;

--
-- Volcado de datos para la tabla `tipos_senderos`
--

INSERT INTO `tipos_senderos` (`id_tipo_sendero`, `tipo_sendero`) VALUES
(1, 'Generico\r'),
(2, 'Semi Personalizado\r'),
(3, 'Personalizado\r'),
(4, 'Configurable');

-- --------------------------------------------------------

--
-- Estructura de tabla para la tabla `tipo_vital_experience`
--

CREATE TABLE `tipo_vital_experience` (
  `id_tipo_vital_experience` int(11) NOT NULL,
  `nombre` text NOT NULL
) ENGINE=MyISAM DEFAULT CHARSET=latin1;

--
-- Volcado de datos para la tabla `tipo_vital_experience`
--

INSERT INTO `tipo_vital_experience` (`id_tipo_vital_experience`, `nombre`) VALUES
(1, 'Taller Pago\r'),
(2, 'Taller Gratis\r'),
(3, 'Conferencia Paga\r'),
(4, 'Conferencia Gratis');

-- --------------------------------------------------------

--
-- Estructura de tabla para la tabla `usuarioxepehmeride`
--

CREATE TABLE `usuarioxepehmeride` (
  `idusuarioxepehmeride` int(11) NOT NULL,
  `idusuario` int(11) NOT NULL,
  `idzodiacoxplanetas` int(11) NOT NULL,
  `idproposito` int(11) NOT NULL,
  `idsalmo` int(11) NOT NULL,
  `idangel` int(11) NOT NULL,
  `idnombre` int(11) NOT NULL
) ENGINE=MyISAM DEFAULT CHARSET=latin1;

--
-- Volcado de datos para la tabla `usuarioxepehmeride`
--

INSERT INTO `usuarioxepehmeride` (`idusuarioxepehmeride`, `idusuario`, `idzodiacoxplanetas`, `idproposito`, `idsalmo`, `idangel`, `idnombre`) VALUES
(1, 1, 71, 71, 71, 71, 71),
(2, 2, 60, 60, 60, 60, 60),
(3, 3, 26, 26, 26, 26, 26),
(4, 4, 14, 14, 14, 14, 14),
(5, 5, 60, 60, 60, 60, 60),
(6, 6, 11, 11, 11, 11, 11),
(7, 7, 4, 4, 4, 4, 4),
(8, 8, 19, 19, 19, 19, 19),
(9, 9, 22, 22, 22, 22, 22),
(10, 10, 2, 2, 2, 2, 2),
(11, 11, 1, 1, 1, 1, 1),
(12, 12, 54, 54, 54, 54, 54),
(13, 13, 38, 38, 38, 38, 38),
(14, 14, 22, 22, 22, 22, 22),
(15, 15, 32, 32, 32, 32, 32),
(16, 16, 14, 14, 14, 14, 14),
(17, 17, 64, 64, 64, 64, 64),
(18, 18, 16, 16, 16, 16, 16);

-- --------------------------------------------------------

--
-- Estructura de tabla para la tabla `vital_experience`
--

CREATE TABLE `vital_experience` (
  `id_vital_experience` int(11) NOT NULL,
  `id_tipo_vital_experience` int(11) NOT NULL,
  `nombre` text NOT NULL,
  `descripcion` text NOT NULL
) ENGINE=MyISAM DEFAULT CHARSET=latin1;

--
-- Volcado de datos para la tabla `vital_experience`
--

INSERT INTO `vital_experience` (`id_vital_experience`, `id_tipo_vital_experience`, `nombre`, `descripcion`) VALUES
(1, 1, 'Vital Experience 1 - Eres unico', 'Taller correspondiente a los planos del ser'),
(2, 1, 'Vital Experience - Matrix Primordial', 'evento para trabajar el mapa del ser');

-- --------------------------------------------------------

--
-- Estructura de tabla para la tabla `zodiacoxplanetas`
--

CREATE TABLE `zodiacoxplanetas` (
  `idzodiacoxplanetas` int(11) NOT NULL,
  `idzodiaco` int(11) NOT NULL,
  `gradoinicial` int(11) NOT NULL,
  `gradofinal` int(11) NOT NULL
) ENGINE=MyISAM DEFAULT CHARSET=latin1;

--
-- Volcado de datos para la tabla `zodiacoxplanetas`
--

INSERT INTO `zodiacoxplanetas` (`idzodiacoxplanetas`, `idzodiaco`, `gradoinicial`, `gradofinal`) VALUES
(1, 1, 0, 5),
(2, 1, 5, 10),
(3, 1, 10, 15),
(4, 1, 15, 20),
(5, 1, 20, 25),
(6, 1, 25, 30),
(7, 2, 0, 5),
(8, 2, 5, 10),
(9, 2, 10, 15),
(10, 2, 15, 20),
(11, 2, 20, 25),
(12, 2, 25, 30),
(13, 3, 0, 5),
(14, 3, 5, 10),
(15, 3, 10, 15),
(16, 3, 15, 20),
(17, 3, 20, 25),
(18, 3, 25, 30),
(19, 4, 0, 5),
(20, 4, 5, 10),
(21, 4, 10, 15),
(22, 4, 15, 20),
(23, 4, 20, 25),
(24, 4, 25, 30),
(25, 5, 0, 5),
(26, 5, 5, 10),
(27, 5, 10, 15),
(28, 5, 15, 20),
(29, 5, 20, 25),
(30, 5, 25, 30),
(31, 6, 0, 5),
(32, 6, 5, 10),
(33, 6, 10, 15),
(34, 6, 15, 20),
(35, 6, 20, 25),
(36, 6, 25, 30),
(37, 7, 0, 5),
(38, 7, 5, 10),
(39, 7, 10, 15),
(40, 7, 15, 20),
(41, 7, 20, 25),
(42, 7, 25, 30),
(43, 8, 0, 5),
(44, 8, 5, 10),
(45, 8, 10, 15),
(46, 8, 15, 20),
(47, 8, 20, 25),
(48, 8, 25, 30),
(49, 9, 0, 5),
(50, 9, 5, 10),
(51, 9, 10, 15),
(52, 9, 15, 20),
(53, 9, 20, 25),
(54, 9, 25, 30),
(55, 10, 0, 5),
(56, 10, 5, 10),
(57, 10, 10, 15),
(58, 10, 15, 20),
(59, 10, 20, 25),
(60, 10, 25, 30),
(61, 11, 0, 5),
(62, 11, 5, 10),
(63, 11, 10, 15),
(64, 11, 15, 20),
(65, 11, 20, 25),
(66, 11, 25, 30),
(67, 12, 0, 5),
(68, 12, 5, 10),
(69, 12, 10, 15),
(70, 12, 15, 20),
(71, 12, 20, 25),
(72, 12, 25, 30);

--
-- Índices para tablas volcadas
--

--
-- Indices de la tabla `actividades`
--
ALTER TABLE `actividades`
  ADD PRIMARY KEY (`id_actividad`),
  ADD KEY `id_tipo_actividad` (`id_tipo_actividad`);

--
-- Indices de la tabla `actividades_recursos_actividades`
--
ALTER TABLE `actividades_recursos_actividades`
  ADD PRIMARY KEY (`id_actividad_recurso_actividad`),
  ADD KEY `id_actividad` (`id_actividad`),
  ADD KEY `id_recurso_actividad` (`id_recurso_actividad`);

--
-- Indices de la tabla `actividad_reto`
--
ALTER TABLE `actividad_reto`
  ADD PRIMARY KEY (`id_actividad_reto`),
  ADD KEY `id_reto` (`id_reto`),
  ADD KEY `tipo_recurso_reflexion` (`tipo_recurso_reflexion`),
  ADD KEY `tipo_pregunta_actividad` (`tipo_pregunta_actividad`);

--
-- Indices de la tabla `angeles`
--
ALTER TABLE `angeles`
  ADD PRIMARY KEY (`id_angel`);

--
-- Indices de la tabla `aplicaciones`
--
ALTER TABLE `aplicaciones`
  ADD PRIMARY KEY (`id_aplicaciones`),
  ADD KEY `id_persona` (`id_persona`);

--
-- Indices de la tabla `areas_expansion`
--
ALTER TABLE `areas_expansion`
  ADD PRIMARY KEY (`id_area_exp`);

--
-- Indices de la tabla `armc_personas`
--
ALTER TABLE `armc_personas`
  ADD PRIMARY KEY (`idarmcxpersonas`),
  ADD KEY `idusuario` (`idusuario`);

--
-- Indices de la tabla `ascendentes`
--
ALTER TABLE `ascendentes`
  ADD PRIMARY KEY (`id_ascendente`);

--
-- Indices de la tabla `ascendente_personas`
--
ALTER TABLE `ascendente_personas`
  ADD PRIMARY KEY (`idascendentexpersonas`),
  ADD KEY `idusuario` (`idusuario`);

--
-- Indices de la tabla `aspectos`
--
ALTER TABLE `aspectos`
  ADD PRIMARY KEY (`id_aspecto`);

--
-- Indices de la tabla `aspectosxusuarioxephemeride`
--
ALTER TABLE `aspectosxusuarioxephemeride`
  ADD PRIMARY KEY (`idaspectosxusuarioxephemeride`),
  ADD KEY `idusuario` (`idusuario`),
  ADD KEY `idplaneta` (`idplaneta`),
  ADD KEY `idplanetacompare` (`idplanetacompare`),
  ADD KEY `idaspecto` (`idaspecto`);

--
-- Indices de la tabla `bitacoras`
--
ALTER TABLE `bitacoras`
  ADD PRIMARY KEY (`id_bitacora`),
  ADD KEY `id_persona` (`id_persona`),
  ADD KEY `id_sendero_area` (`id_sendero_area`),
  ADD KEY `id_etapa_area_actividad` (`id_etapa_area_actividad`),
  ADD KEY `id_pregunta` (`id_pregunta`),
  ADD KEY `id_respuesta` (`id_respuesta`);

--
-- Indices de la tabla `casas_personas`
--
ALTER TABLE `casas_personas`
  ADD PRIMARY KEY (`idcasasxpersonas`),
  ADD KEY `idusuario` (`idusuario`);

--
-- Indices de la tabla `colores`
--
ALTER TABLE `colores`
  ADD PRIMARY KEY (`id_color`);

--
-- Indices de la tabla `colores_nombre_dios`
--
ALTER TABLE `colores_nombre_dios`
  ADD PRIMARY KEY (`id_color_nombre_dios`),
  ADD KEY `id_color` (`id_color`),
  ADD KEY `id_nombre_dios` (`id_nombre_dios`);

--
-- Indices de la tabla `colores_planetas`
--
ALTER TABLE `colores_planetas`
  ADD PRIMARY KEY (`id_color_planeta`);

--
-- Indices de la tabla `combinacion_letras`
--
ALTER TABLE `combinacion_letras`
  ADD PRIMARY KEY (`id_combinacion`);

--
-- Indices de la tabla `dias`
--
ALTER TABLE `dias`
  ADD PRIMARY KEY (`id_dia`);

--
-- Indices de la tabla `dias_etapas`
--
ALTER TABLE `dias_etapas`
  ADD PRIMARY KEY (`id_dia_etapa`),
  ADD KEY `id_etapa` (`id_etapa`),
  ADD KEY `id_dia` (`id_dia`);

--
-- Indices de la tabla `elementos`
--
ALTER TABLE `elementos`
  ADD PRIMARY KEY (`id_elemento`);

--
-- Indices de la tabla `eliptic_obliquity_personas`
--
ALTER TABLE `eliptic_obliquity_personas`
  ADD PRIMARY KEY (`ideliptic_obliquityxpersonas`),
  ADD KEY `idusuario` (`idusuario`);

--
-- Indices de la tabla `etapas`
--
ALTER TABLE `etapas`
  ADD PRIMARY KEY (`id_etapa`);

--
-- Indices de la tabla `experience_personas`
--
ALTER TABLE `experience_personas`
  ADD PRIMARY KEY (`id_experience_persona`),
  ADD KEY `id_vital_experience` (`id_vital_experience`),
  ADD KEY `id_persona` (`id_persona`);

--
-- Indices de la tabla `guias_coach`
--
ALTER TABLE `guias_coach`
  ADD PRIMARY KEY (`id_guia_coach`),
  ADD KEY `id_tipo_guia_coach` (`id_tipo_guia_coach`),
  ADD KEY `id_sendero` (`id_sendero`);

--
-- Indices de la tabla `inscritos`
--
ALTER TABLE `inscritos`
  ADD PRIMARY KEY (`id_inscrito`);

--
-- Indices de la tabla `mc_personas`
--
ALTER TABLE `mc_personas`
  ADD PRIMARY KEY (`idmcxpersonas`),
  ADD KEY `idusuario` (`idusuario`);

--
-- Indices de la tabla `meditaciones`
--
ALTER TABLE `meditaciones`
  ADD PRIMARY KEY (`id_meditacion`);

--
-- Indices de la tabla `metales`
--
ALTER TABLE `metales`
  ADD PRIMARY KEY (`id_metal`);

--
-- Indices de la tabla `nombres_dios`
--
ALTER TABLE `nombres_dios`
  ADD PRIMARY KEY (`id_nombre_dios`),
  ADD KEY `id_proposito` (`id_proposito`),
  ADD KEY `id_salmo` (`id_salmo`),
  ADD KEY `id_angel` (`id_angel`),
  ADD KEY `id_meditacion` (`id_meditacion`),
  ADD KEY `id_combinacion` (`id_combinacion`);

--
-- Indices de la tabla `origen_recursos`
--
ALTER TABLE `origen_recursos`
  ADD PRIMARY KEY (`id_origen_recursos`);

--
-- Indices de la tabla `pagos_personas`
--
ALTER TABLE `pagos_personas`
  ADD PRIMARY KEY (`id_pago_persona`);

--
-- Indices de la tabla `personas`
--
ALTER TABLE `personas`
  ADD PRIMARY KEY (`id_persona`);

--
-- Indices de la tabla `piedras`
--
ALTER TABLE `piedras`
  ADD PRIMARY KEY (`id_piedra`);

--
-- Indices de la tabla `planetas`
--
ALTER TABLE `planetas`
  ADD PRIMARY KEY (`id_planeta`),
  ADD KEY `id_metal` (`id_metal`),
  ADD KEY `id_color_planeta` (`id_color_planeta`);

--
-- Indices de la tabla `planetas_personas`
--
ALTER TABLE `planetas_personas`
  ADD PRIMARY KEY (`id_planeta_persona`),
  ADD KEY `id_persona` (`id_persona`),
  ADD KEY `id_signo_zodiacal` (`id_signo_zodiacal`),
  ADD KEY `id_planeta` (`id_planeta`);

--
-- Indices de la tabla `planos`
--
ALTER TABLE `planos`
  ADD PRIMARY KEY (`id_plano`);

--
-- Indices de la tabla `plano_signo_planeta`
--
ALTER TABLE `plano_signo_planeta`
  ADD PRIMARY KEY (`id_plano_signo_planeta`),
  ADD KEY `id_signo_zodiacal` (`id_signo_zodiacal`),
  ADD KEY `id_plano` (`id_plano`),
  ADD KEY `id_planeta` (`id_planeta`),
  ADD KEY `id_ascendente` (`id_ascendente`);

--
-- Indices de la tabla `preguntas`
--
ALTER TABLE `preguntas`
  ADD PRIMARY KEY (`id_pregunta`),
  ADD KEY `id_tipo_pregunta` (`id_tipo_pregunta`);

--
-- Indices de la tabla `propositos`
--
ALTER TABLE `propositos`
  ADD PRIMARY KEY (`id_proposito`);

--
-- Indices de la tabla `propositos_desagregados`
--
ALTER TABLE `propositos_desagregados`
  ADD PRIMARY KEY (`id_proposito_desagregado`),
  ADD KEY `id_proposito` (`id_proposito`);

--
-- Indices de la tabla `recursos_actividades`
--
ALTER TABLE `recursos_actividades`
  ADD PRIMARY KEY (`id_recurso_actividad`),
  ADD KEY `id_tipo_recurso` (`id_tipo_recurso`);

--
-- Indices de la tabla `recursos_senderos`
--
ALTER TABLE `recursos_senderos`
  ADD PRIMARY KEY (`id_recurso_sendero`),
  ADD KEY `id_tipo_recurso` (`id_tipo_recurso`);

--
-- Indices de la tabla `recursos_web`
--
ALTER TABLE `recursos_web`
  ADD PRIMARY KEY (`id_recurso_web`),
  ADD KEY `id_tipo_recurso` (`id_tipo_recurso`);

--
-- Indices de la tabla `registro_eventos`
--
ALTER TABLE `registro_eventos`
  ADD PRIMARY KEY (`id_reg_evento`),
  ADD KEY `id_persona` (`id_persona`);

--
-- Indices de la tabla `respuestas`
--
ALTER TABLE `respuestas`
  ADD PRIMARY KEY (`id_respuesta`),
  ADD KEY `id_tipo_respuesta` (`id_tipo_respuesta`);

--
-- Indices de la tabla `respuesta_actividad_reto`
--
ALTER TABLE `respuesta_actividad_reto`
  ADD PRIMARY KEY (`id_respuesta_actividad_reto`),
  ADD KEY `id_actividad_reto` (`id_actividad_reto`),
  ADD KEY `id_persona` (`id_persona`);

--
-- Indices de la tabla `retos`
--
ALTER TABLE `retos`
  ADD PRIMARY KEY (`id_reto`);

--
-- Indices de la tabla `retos_x_persona`
--
ALTER TABLE `retos_x_persona`
  ADD PRIMARY KEY (`id_retos_x_persona`),
  ADD KEY `id_reto` (`id_reto`),
  ADD KEY `id_persona` (`id_persona`);

--
-- Indices de la tabla `salmos`
--
ALTER TABLE `salmos`
  ADD PRIMARY KEY (`id_salmo`);

--
-- Indices de la tabla `senderos`
--
ALTER TABLE `senderos`
  ADD PRIMARY KEY (`id_sendero`),
  ADD KEY `id_tipo_sendero` (`id_tipo_sendero`);

--
-- Indices de la tabla `senderosxplanetasxaspectos`
--
ALTER TABLE `senderosxplanetasxaspectos`
  ADD PRIMARY KEY (`idsenderoxplanetaxaspecto`);

--
-- Indices de la tabla `senderosxusuarios`
--
ALTER TABLE `senderosxusuarios`
  ADD PRIMARY KEY (`idsenderosxusuarios`),
  ADD KEY `id_persona` (`id_persona`),
  ADD KEY `id_sendero` (`id_sendero`),
  ADD KEY `id_elemento` (`id_elemento`);

--
-- Indices de la tabla `senderos_aspectos`
--
ALTER TABLE `senderos_aspectos`
  ADD PRIMARY KEY (`id_sendero_aspecto`),
  ADD KEY `id_sendero` (`id_sendero`),
  ADD KEY `id_aspecto` (`id_aspecto`),
  ADD KEY `id_planeta` (`id_planeta`),
  ADD KEY `id_planetacompare` (`id_planetacompare`);

--
-- Indices de la tabla `senderos_recursos_senderos`
--
ALTER TABLE `senderos_recursos_senderos`
  ADD PRIMARY KEY (`id_sendero_recurso_sendero`),
  ADD KEY `id_sendero` (`id_sendero`),
  ADD KEY `id_recurso_sendero` (`id_recurso_sendero`);

--
-- Indices de la tabla `sendero_areas`
--
ALTER TABLE `sendero_areas`
  ADD PRIMARY KEY (`id_sendero_area`),
  ADD KEY `id_sendero` (`id_sendero`),
  ADD KEY `id_area_exp` (`id_area_exp`);

--
-- Indices de la tabla `signos_zodiacales`
--
ALTER TABLE `signos_zodiacales`
  ADD PRIMARY KEY (`id_signo_zodiacal`),
  ADD KEY `id_piedra` (`id_piedra`),
  ADD KEY `id_elemento` (`id_elemento`),
  ADD KEY `id_color_signo` (`id_color_signo`);

--
-- Indices de la tabla `tipos_actividades`
--
ALTER TABLE `tipos_actividades`
  ADD PRIMARY KEY (`id_tipo_actividad`);

--
-- Indices de la tabla `tipos_guias_coach`
--
ALTER TABLE `tipos_guias_coach`
  ADD PRIMARY KEY (`id_tipo_guia_coach`);

--
-- Indices de la tabla `tipos_preguntas`
--
ALTER TABLE `tipos_preguntas`
  ADD PRIMARY KEY (`id_tipo_pregunta`);

--
-- Indices de la tabla `tipos_recurso`
--
ALTER TABLE `tipos_recurso`
  ADD PRIMARY KEY (`id_tipo_recurso`);

--
-- Indices de la tabla `tipos_respuestas`
--
ALTER TABLE `tipos_respuestas`
  ADD PRIMARY KEY (`id_tipo_respuesta`);

--
-- Indices de la tabla `tipos_senderos`
--
ALTER TABLE `tipos_senderos`
  ADD PRIMARY KEY (`id_tipo_sendero`);

--
-- Indices de la tabla `tipo_vital_experience`
--
ALTER TABLE `tipo_vital_experience`
  ADD PRIMARY KEY (`id_tipo_vital_experience`);

--
-- Indices de la tabla `usuarioxepehmeride`
--
ALTER TABLE `usuarioxepehmeride`
  ADD PRIMARY KEY (`idusuarioxepehmeride`),
  ADD KEY `idusuario` (`idusuario`),
  ADD KEY `idnombre` (`idnombre`),
  ADD KEY `idangel` (`idangel`),
  ADD KEY `idsalmo` (`idsalmo`),
  ADD KEY `idzodiacoxplanetas` (`idzodiacoxplanetas`),
  ADD KEY `idproposito` (`idproposito`);

--
-- Indices de la tabla `vital_experience`
--
ALTER TABLE `vital_experience`
  ADD PRIMARY KEY (`id_vital_experience`),
  ADD KEY `id_tipo_vital_experience` (`id_tipo_vital_experience`);

--
-- Indices de la tabla `zodiacoxplanetas`
--
ALTER TABLE `zodiacoxplanetas`
  ADD PRIMARY KEY (`idzodiacoxplanetas`);

--
-- AUTO_INCREMENT de las tablas volcadas
--

--
-- AUTO_INCREMENT de la tabla `actividades`
--
ALTER TABLE `actividades`
  MODIFY `id_actividad` int(11) NOT NULL AUTO_INCREMENT;
--
-- AUTO_INCREMENT de la tabla `actividades_recursos_actividades`
--
ALTER TABLE `actividades_recursos_actividades`
  MODIFY `id_actividad_recurso_actividad` int(11) NOT NULL AUTO_INCREMENT;
--
-- AUTO_INCREMENT de la tabla `actividad_reto`
--
ALTER TABLE `actividad_reto`
  MODIFY `id_actividad_reto` int(11) NOT NULL AUTO_INCREMENT, AUTO_INCREMENT=5;
--
-- AUTO_INCREMENT de la tabla `angeles`
--
ALTER TABLE `angeles`
  MODIFY `id_angel` int(11) NOT NULL AUTO_INCREMENT, AUTO_INCREMENT=73;
--
-- AUTO_INCREMENT de la tabla `aplicaciones`
--
ALTER TABLE `aplicaciones`
  MODIFY `id_aplicaciones` int(11) NOT NULL AUTO_INCREMENT, AUTO_INCREMENT=21;
--
-- AUTO_INCREMENT de la tabla `areas_expansion`
--
ALTER TABLE `areas_expansion`
  MODIFY `id_area_exp` int(11) NOT NULL AUTO_INCREMENT;
--
-- AUTO_INCREMENT de la tabla `armc_personas`
--
ALTER TABLE `armc_personas`
  MODIFY `idarmcxpersonas` int(11) NOT NULL AUTO_INCREMENT, AUTO_INCREMENT=19;
--
-- AUTO_INCREMENT de la tabla `ascendentes`
--
ALTER TABLE `ascendentes`
  MODIFY `id_ascendente` int(11) NOT NULL AUTO_INCREMENT, AUTO_INCREMENT=13;
--
-- AUTO_INCREMENT de la tabla `ascendente_personas`
--
ALTER TABLE `ascendente_personas`
  MODIFY `idascendentexpersonas` int(11) NOT NULL AUTO_INCREMENT, AUTO_INCREMENT=19;
--
-- AUTO_INCREMENT de la tabla `aspectos`
--
ALTER TABLE `aspectos`
  MODIFY `id_aspecto` int(11) NOT NULL AUTO_INCREMENT, AUTO_INCREMENT=6;
--
-- AUTO_INCREMENT de la tabla `aspectosxusuarioxephemeride`
--
ALTER TABLE `aspectosxusuarioxephemeride`
  MODIFY `idaspectosxusuarioxephemeride` int(11) NOT NULL AUTO_INCREMENT, AUTO_INCREMENT=283;
--
-- AUTO_INCREMENT de la tabla `bitacoras`
--
ALTER TABLE `bitacoras`
  MODIFY `id_bitacora` int(11) NOT NULL AUTO_INCREMENT;
--
-- AUTO_INCREMENT de la tabla `casas_personas`
--
ALTER TABLE `casas_personas`
  MODIFY `idcasasxpersonas` int(11) NOT NULL AUTO_INCREMENT, AUTO_INCREMENT=217;
--
-- AUTO_INCREMENT de la tabla `colores`
--
ALTER TABLE `colores`
  MODIFY `id_color` int(11) NOT NULL AUTO_INCREMENT, AUTO_INCREMENT=20;
--
-- AUTO_INCREMENT de la tabla `colores_nombre_dios`
--
ALTER TABLE `colores_nombre_dios`
  MODIFY `id_color_nombre_dios` int(11) NOT NULL AUTO_INCREMENT, AUTO_INCREMENT=145;
--
-- AUTO_INCREMENT de la tabla `colores_planetas`
--
ALTER TABLE `colores_planetas`
  MODIFY `id_color_planeta` int(11) NOT NULL AUTO_INCREMENT, AUTO_INCREMENT=13;
--
-- AUTO_INCREMENT de la tabla `combinacion_letras`
--
ALTER TABLE `combinacion_letras`
  MODIFY `id_combinacion` int(11) NOT NULL AUTO_INCREMENT, AUTO_INCREMENT=74;
--
-- AUTO_INCREMENT de la tabla `dias`
--
ALTER TABLE `dias`
  MODIFY `id_dia` int(11) NOT NULL AUTO_INCREMENT, AUTO_INCREMENT=8;
--
-- AUTO_INCREMENT de la tabla `dias_etapas`
--
ALTER TABLE `dias_etapas`
  MODIFY `id_dia_etapa` int(11) NOT NULL AUTO_INCREMENT, AUTO_INCREMENT=8;
--
-- AUTO_INCREMENT de la tabla `elementos`
--
ALTER TABLE `elementos`
  MODIFY `id_elemento` int(11) NOT NULL AUTO_INCREMENT, AUTO_INCREMENT=5;
--
-- AUTO_INCREMENT de la tabla `eliptic_obliquity_personas`
--
ALTER TABLE `eliptic_obliquity_personas`
  MODIFY `ideliptic_obliquityxpersonas` int(11) NOT NULL AUTO_INCREMENT, AUTO_INCREMENT=19;
--
-- AUTO_INCREMENT de la tabla `etapas`
--
ALTER TABLE `etapas`
  MODIFY `id_etapa` int(11) NOT NULL AUTO_INCREMENT, AUTO_INCREMENT=5;
--
-- AUTO_INCREMENT de la tabla `experience_personas`
--
ALTER TABLE `experience_personas`
  MODIFY `id_experience_persona` int(11) NOT NULL AUTO_INCREMENT, AUTO_INCREMENT=26;
--
-- AUTO_INCREMENT de la tabla `guias_coach`
--
ALTER TABLE `guias_coach`
  MODIFY `id_guia_coach` int(11) NOT NULL AUTO_INCREMENT;
--
-- AUTO_INCREMENT de la tabla `inscritos`
--
ALTER TABLE `inscritos`
  MODIFY `id_inscrito` int(11) NOT NULL AUTO_INCREMENT, AUTO_INCREMENT=7;
--
-- AUTO_INCREMENT de la tabla `mc_personas`
--
ALTER TABLE `mc_personas`
  MODIFY `idmcxpersonas` int(11) NOT NULL AUTO_INCREMENT, AUTO_INCREMENT=19;
--
-- AUTO_INCREMENT de la tabla `meditaciones`
--
ALTER TABLE `meditaciones`
  MODIFY `id_meditacion` int(11) NOT NULL AUTO_INCREMENT, AUTO_INCREMENT=73;
--
-- AUTO_INCREMENT de la tabla `metales`
--
ALTER TABLE `metales`
  MODIFY `id_metal` int(11) NOT NULL AUTO_INCREMENT, AUTO_INCREMENT=13;
--
-- AUTO_INCREMENT de la tabla `nombres_dios`
--
ALTER TABLE `nombres_dios`
  MODIFY `id_nombre_dios` int(11) NOT NULL AUTO_INCREMENT, AUTO_INCREMENT=73;
--
-- AUTO_INCREMENT de la tabla `origen_recursos`
--
ALTER TABLE `origen_recursos`
  MODIFY `id_origen_recursos` int(11) NOT NULL AUTO_INCREMENT, AUTO_INCREMENT=3;
--
-- AUTO_INCREMENT de la tabla `pagos_personas`
--
ALTER TABLE `pagos_personas`
  MODIFY `id_pago_persona` int(11) NOT NULL AUTO_INCREMENT, AUTO_INCREMENT=2;
--
-- AUTO_INCREMENT de la tabla `personas`
--
ALTER TABLE `personas`
  MODIFY `id_persona` int(11) NOT NULL AUTO_INCREMENT, AUTO_INCREMENT=31;
--
-- AUTO_INCREMENT de la tabla `piedras`
--
ALTER TABLE `piedras`
  MODIFY `id_piedra` int(11) NOT NULL AUTO_INCREMENT, AUTO_INCREMENT=13;
--
-- AUTO_INCREMENT de la tabla `planetas`
--
ALTER TABLE `planetas`
  MODIFY `id_planeta` int(11) NOT NULL AUTO_INCREMENT, AUTO_INCREMENT=13;
--
-- AUTO_INCREMENT de la tabla `planetas_personas`
--
ALTER TABLE `planetas_personas`
  MODIFY `id_planeta_persona` int(11) NOT NULL AUTO_INCREMENT, AUTO_INCREMENT=217;
--
-- AUTO_INCREMENT de la tabla `planos`
--
ALTER TABLE `planos`
  MODIFY `id_plano` int(11) NOT NULL AUTO_INCREMENT, AUTO_INCREMENT=6;
--
-- AUTO_INCREMENT de la tabla `plano_signo_planeta`
--
ALTER TABLE `plano_signo_planeta`
  MODIFY `id_plano_signo_planeta` int(11) NOT NULL AUTO_INCREMENT, AUTO_INCREMENT=481;
--
-- AUTO_INCREMENT de la tabla `preguntas`
--
ALTER TABLE `preguntas`
  MODIFY `id_pregunta` int(11) NOT NULL AUTO_INCREMENT;
--
-- AUTO_INCREMENT de la tabla `propositos`
--
ALTER TABLE `propositos`
  MODIFY `id_proposito` int(11) NOT NULL AUTO_INCREMENT, AUTO_INCREMENT=72;
--
-- AUTO_INCREMENT de la tabla `propositos_desagregados`
--
ALTER TABLE `propositos_desagregados`
  MODIFY `id_proposito_desagregado` int(11) NOT NULL AUTO_INCREMENT, AUTO_INCREMENT=3;
--
-- AUTO_INCREMENT de la tabla `recursos_actividades`
--
ALTER TABLE `recursos_actividades`
  MODIFY `id_recurso_actividad` int(11) NOT NULL AUTO_INCREMENT;
--
-- AUTO_INCREMENT de la tabla `recursos_senderos`
--
ALTER TABLE `recursos_senderos`
  MODIFY `id_recurso_sendero` int(11) NOT NULL AUTO_INCREMENT;
--
-- AUTO_INCREMENT de la tabla `recursos_web`
--
ALTER TABLE `recursos_web`
  MODIFY `id_recurso_web` int(11) NOT NULL AUTO_INCREMENT, AUTO_INCREMENT=15;
--
-- AUTO_INCREMENT de la tabla `registro_eventos`
--
ALTER TABLE `registro_eventos`
  MODIFY `id_reg_evento` int(11) NOT NULL AUTO_INCREMENT, AUTO_INCREMENT=144;
--
-- AUTO_INCREMENT de la tabla `respuestas`
--
ALTER TABLE `respuestas`
  MODIFY `id_respuesta` int(11) NOT NULL AUTO_INCREMENT;
--
-- AUTO_INCREMENT de la tabla `respuesta_actividad_reto`
--
ALTER TABLE `respuesta_actividad_reto`
  MODIFY `id_respuesta_actividad_reto` int(11) NOT NULL AUTO_INCREMENT, AUTO_INCREMENT=13;
--
-- AUTO_INCREMENT de la tabla `retos`
--
ALTER TABLE `retos`
  MODIFY `id_reto` int(11) NOT NULL AUTO_INCREMENT, AUTO_INCREMENT=2;
--
-- AUTO_INCREMENT de la tabla `retos_x_persona`
--
ALTER TABLE `retos_x_persona`
  MODIFY `id_retos_x_persona` int(11) NOT NULL AUTO_INCREMENT, AUTO_INCREMENT=2;
--
-- AUTO_INCREMENT de la tabla `salmos`
--
ALTER TABLE `salmos`
  MODIFY `id_salmo` int(11) NOT NULL AUTO_INCREMENT, AUTO_INCREMENT=73;
--
-- AUTO_INCREMENT de la tabla `senderos`
--
ALTER TABLE `senderos`
  MODIFY `id_sendero` int(11) NOT NULL AUTO_INCREMENT;
--
-- AUTO_INCREMENT de la tabla `senderosxplanetasxaspectos`
--
ALTER TABLE `senderosxplanetasxaspectos`
  MODIFY `idsenderoxplanetaxaspecto` int(11) NOT NULL AUTO_INCREMENT;
--
-- AUTO_INCREMENT de la tabla `senderosxusuarios`
--
ALTER TABLE `senderosxusuarios`
  MODIFY `idsenderosxusuarios` int(11) NOT NULL AUTO_INCREMENT;
--
-- AUTO_INCREMENT de la tabla `senderos_aspectos`
--
ALTER TABLE `senderos_aspectos`
  MODIFY `id_sendero_aspecto` int(11) NOT NULL AUTO_INCREMENT;
--
-- AUTO_INCREMENT de la tabla `senderos_recursos_senderos`
--
ALTER TABLE `senderos_recursos_senderos`
  MODIFY `id_sendero_recurso_sendero` int(11) NOT NULL AUTO_INCREMENT;
--
-- AUTO_INCREMENT de la tabla `sendero_areas`
--
ALTER TABLE `sendero_areas`
  MODIFY `id_sendero_area` int(11) NOT NULL AUTO_INCREMENT;
--
-- AUTO_INCREMENT de la tabla `signos_zodiacales`
--
ALTER TABLE `signos_zodiacales`
  MODIFY `id_signo_zodiacal` int(11) NOT NULL AUTO_INCREMENT, AUTO_INCREMENT=13;
--
-- AUTO_INCREMENT de la tabla `tipos_actividades`
--
ALTER TABLE `tipos_actividades`
  MODIFY `id_tipo_actividad` int(11) NOT NULL AUTO_INCREMENT, AUTO_INCREMENT=4;
--
-- AUTO_INCREMENT de la tabla `tipos_guias_coach`
--
ALTER TABLE `tipos_guias_coach`
  MODIFY `id_tipo_guia_coach` int(11) NOT NULL AUTO_INCREMENT, AUTO_INCREMENT=4;
--
-- AUTO_INCREMENT de la tabla `tipos_preguntas`
--
ALTER TABLE `tipos_preguntas`
  MODIFY `id_tipo_pregunta` int(11) NOT NULL AUTO_INCREMENT, AUTO_INCREMENT=8;
--
-- AUTO_INCREMENT de la tabla `tipos_recurso`
--
ALTER TABLE `tipos_recurso`
  MODIFY `id_tipo_recurso` int(11) NOT NULL AUTO_INCREMENT, AUTO_INCREMENT=6;
--
-- AUTO_INCREMENT de la tabla `tipos_respuestas`
--
ALTER TABLE `tipos_respuestas`
  MODIFY `id_tipo_respuesta` int(11) NOT NULL AUTO_INCREMENT;
--
-- AUTO_INCREMENT de la tabla `tipos_senderos`
--
ALTER TABLE `tipos_senderos`
  MODIFY `id_tipo_sendero` int(11) NOT NULL AUTO_INCREMENT, AUTO_INCREMENT=5;
--
-- AUTO_INCREMENT de la tabla `tipo_vital_experience`
--
ALTER TABLE `tipo_vital_experience`
  MODIFY `id_tipo_vital_experience` int(11) NOT NULL AUTO_INCREMENT, AUTO_INCREMENT=5;
--
-- AUTO_INCREMENT de la tabla `usuarioxepehmeride`
--
ALTER TABLE `usuarioxepehmeride`
  MODIFY `idusuarioxepehmeride` int(11) NOT NULL AUTO_INCREMENT, AUTO_INCREMENT=19;
--
-- AUTO_INCREMENT de la tabla `vital_experience`
--
ALTER TABLE `vital_experience`
  MODIFY `id_vital_experience` int(11) NOT NULL AUTO_INCREMENT, AUTO_INCREMENT=3;
--
-- AUTO_INCREMENT de la tabla `zodiacoxplanetas`
--
ALTER TABLE `zodiacoxplanetas`
  MODIFY `idzodiacoxplanetas` int(11) NOT NULL AUTO_INCREMENT, AUTO_INCREMENT=73;
/*!40101 SET CHARACTER_SET_CLIENT=@OLD_CHARACTER_SET_CLIENT */;
/*!40101 SET CHARACTER_SET_RESULTS=@OLD_CHARACTER_SET_RESULTS */;
/*!40101 SET COLLATION_CONNECTION=@OLD_COLLATION_CONNECTION */;
